CATCAGCGTGGCAACGGCAAAGGCGATGATATACAGCGTGATGTGATTCTTCGCCACCGAAATGCCTTTTACCACTGGCAATACCGGAATGTTTGCCGCCTGGTAATCCTTAAAGCGGAAAATGGCGATGGCATAGGAGTGAGGCATCTGCCACAGGCTGAAGATAGCCAGCAGGATCGCTGCGCCGCTATCGAACTCACCGGTTACCGCACAGTAGCCGATCACCGGCGGCGCAGCGCCGGAGAGCGAACCAATCAACGTGCCGTAGACAGAGTGGCGTTTCATGTACAGGCTATAAACGCCGACATAAACCACAAAGCCCATCACCCCCAGCCAGCAGGCCAGCGGATTCGCGCCAAACCACAGCAGCATAAAGCCAGCAATACCCAGCAACGTGGCGTACACCAGCGAGACAGCAGGAGAGATCAGGCCTTTCACCAGCACCCGATTCTTCGTCCTTTCCATCTTTCTGTCGATATCCCTGTCGATGTAGTTGTTAAACACACAACCCGACGCCACAACCAGTGACACCCCAACCAGCGTGTAGATAAACAGGGGATAATCAATGCTGCCCTTTGAGGCCAGCAGGAATCCCCCAATCACCGAGATCAGGTTGCCAAAGATGATGCCTGGTTTCGTTACTTGCAGGTATTGCTTAAACATCATAACCGCCGCTC,peak
AACCGCCGCTC,peak
AATCCGAAGATTTTGGTTCCGCCTGCATCGTGGTGCCCGTGTTCGTGCGCGTGGGCAGTCGCGTGCGTCAAAGTATCAGTTGCCATTTTTCAGCCCTGCCTTAGTAATCTCATCGAAATGCTGGTTTTCCAGTTTTTCGATTTCTGCCACCGGCACGTAGTAATCCACGTCCTCGTCGAAGCTTTTCACGATCCAGGTGATGATCATGCCTGCGAAGCCAACAATCGCCAGCCACCAGATATGCCAGATCATGGCGAAACCGAAGATGGTGGAGAAAGCTGCAATGACGATACCTGCACCGCTGTTTTTCGGCATATGAATTTCTTCATAGTGGTCAGGCTTTTTATACGCTTCGCCTTTCTCTTTCATTTCCCAGAATGCATCACGTTCGTGAACGTGCGGCACTACGGCAAAGTTATAGAACGGAGGCGGGGAAGAGGTTGCCCACTCCAGCGTACGGCCACCCCACGGGTCGCCAGTCAGGTCACGGTTCTGGTCGCGGTCGCGAATAGAAACGTACATCTGAATAACGAGGCAGAGAATACCCAGCGCAATCAGTACTGCACCGCTGGCTGCAATCATCAGCATGGTGTGGAACTGCGGGTCAATCTGCTGGCTCAAACGACGGGTCATGCCCATGAAGCCCAGCGCATACAGTGGCATAAAGGCAACGAAGAAGCCGATGATCCAGAACCAGAACGCGCGTTTACCCCAGGTTTCGTTCAGTTTGAAACCGAACGCTTTAGGCCACCAGTAGGTCATCCCTGCGAAGCAGCCGAAGACCACGCCGCCGATGATCACGTTATGGAAGTGCGCAATCAGGAACAGGCTGTTATGCAGAACGAAGTCCGCGCCCGGTACGGCCAGCAGCACGCCAGTCATCCCGCCCACCGAGAAGGTGACGATAAAACCGATGGTCCACAGCATCGCAGAATGGAACACGATGCGGCCCTGATACATGGTGAACAGCCAGTTGAAGATCTTCACCCCGGTCGGGATGGCGATAATCATTGTGGTGATACCAAAGAAGGCGTTTACGTTCGCGCCCGCACCCATCGTAAAGAAGTGGTGCAGCCAAACGATGAACGACAGCACGGTGATACAGACGGTTGCCCATACCAGCGAGGTATAACCAAACAGACGTTTACGCGAGAAGGTTGCCGCAATTTCGGAGAACACACCGAAAACAGGCAGGATCAGGATGTAAACTTCCGGGTGGCCCCAGGCCCAAATCAGGTTGATGTACATCATCATGTTGCCACCCATATCGTTGGTAAAGAAATGGGTGCCCAGATAGCGATCCAGGGTCAACAACGCGACGGTAACCGTCAGAATTGGGAAGGAAGCAATAATCAGTACGTTCGCGCACAGTGATGCCCAGGTAAATACTGGCATCTTGAACATGGTCATGCCCGGTGCGCGCATCTTCAGAATGGTAACGAAGAAGTTGATACCGGTAAGCGTCGTACCTATACCGGATAGCTGGAGACTCCATATCCAGTAATCGACACCGACTCCCGGACTGTACTCTATTCCCGATAGCGGTGGATAGGCCAGCCAGCCGGTCTGCGCAAATTCGCCCACGCCGAGAGAAACGTTAACCAGAATCACACCAACAACGGTAAACCAGAAGCTTAAGTTGTTGAGGAACGGGAACGCAACGTCACGCGCGCCGATCTGCAGCGGAACCACCAGGTTCATCAGACCGATAACGAAAGGCATCGCCACGAAGAAGATCATAATCACGCCGTGCGCGGTAAAGATCTGATCGTAGTGGTGAGGTGGCAGGAAGCCCGCTTCGCCCGCCGAGGCAAGAGCCTGCTGGCTACGCATCATAATGGCGTCAGCAAAACCACGCAGCAACATCACAATCGCCACGATGATATACATGATACCGAGGCGTTTATGGTCGACGGAGGTCAGCCACTCTTTCCACAGGTAGGTCCACTTACCGAAGTAAGTGATCAGGCCAACGAGCGCCAGACCTCCCAAAATAATGCCAGCGATCGTAACCATGACGATAGGTTCATGGAACGGGACTGCATCAAGTGATAATTTTCCGAACATCTTTATTCTTCCTCAACCCCT,peak
CTTTATTCTTCCTCAACCCCT,peak
GATCAATTTGAGTTTTTATTAACATGTTTGCAACCTTTCTTTACGCCGTTTTTGTGTGCATTCACATGGTATGATGAAAGTGTTCAAACAAATTTCTATTGGGGCATGCGTGTGACCCTTTCTAACGGGGTTCACTCTCGGAGTCTTCATGCGATGAGCAAGGAGTCATG,peak
GTAAGGAGCTAAAA,peak
CCAGTGCCGCGAATGCCGGGCAAATCTCCCCCGGATATGCTGCACCGTGGGCGGCACCAGGTGTGCCTTTAAAAGCGATTAAATGGATGTTCCAGCGCCATGCGCCGCTGGCGGTTCGTCTCGACGGTACGCAGTTCCAGTTGAAATGGATGTGGCAAATGTTACGTAACTGCGACACCAGCCACTACATGGAAAACAAAGGGCGGATGGTGCGTCTGGCGGAATACAGCCGTGATTGCCTGAAAGCATTGCGCGCCGAAACCAATATTCAGTATGAAGGGCGTCAGGGTGGGACGCTGCAACTGTTCCGTACCGAACAACAGTATGAAAATGCGACCCGCGATATCGCCGTGCTGGAAGATGCCGGCGTACCGTATCAGCTGCTGGAATCCAGCCGCCTGGCGGAAGTGGAGCCCGCGCTGGCAGAAGTGGCGCACAAACTGACGGGCGGCCTGCAGTTACCCAATGATGAAACCGGAGACTGTCAGCTATTTACCCAGAATCTGGCGCGGATGGCGGAGCAGGCGGGGGTTAAATTCCGCTTTAATACGCCCGTTGACCAACTGCTTTGCGACGGCGAGCAAATCTACGGCGTGAAGTGTGGCGATGAAGTGATTAAGGCCGATGCGTATGTGATGGCGTTTGGTTCTTACTCGACGGCGATGCTCAAAGGCATTGTTGATATTCCGGTGTATCCGCTGAAAGGCTACTCGCTGACCATTCCAATTGCGCAGGAAGATGGTGCGCCGGTATCCACCATTCTTGATGAAACCTACAAAATCGCCATTACCCGTTTCGATAACCGCATTCGTGTTGGCGGAATGGCGGAGATTGTTGGTTTTAATACCGAGCTGTTGCAACCGCGTCGTGAAACGCTGGAGATGGTGGTTCGCGATCTCTATCCACGCGGCGGTCATGTCGAGCAGGCGACTTTCTGGACTGGTCTGCGCCCGATGACGCCAGACGGCACGCCGGTTGTCGGGCGTACACGCTTTAAAAATCTGTGGCTGAATACCGGTCACGGCACGCTCGGCTGGACGATGGCTTGCGGTTCCGGTCAGTTGTTAAGCGATCTGCTCTCTGGTCGCACGCCAGCGATCCCATATGAGGATCTAAGCGTAGCGCGCTACAGCCGTGGATTTACGCCATCACGTCCGGGCCATTTACATGGCGCACACAGCTAAGGAAACGAG,peak
GGAAACGAG,peak
AATCGCACTGAAGAGTGAAGTTGCGGTGCCGGGTATTGATGCCTCTACCTTTGACGG,peak
CTGACGGTGATGTGAAAGGTCGCGTGGTAGCGATTTTACTTAATGATGAAGTGAGATCGGCAGACCTTCTGGCCATTCTCAAGGCGCTGAAGGCCAAAGGCGTTCATGCCAAACTGCTCTACTCCCGAATGGGTGAAGTGACTGCGGATGACGGTACGGTGTTGCCTATAGCCGCTACCTTTGCCGGTGCACCTTCGCTGACGGTCGATGCGGTCATTGTCCCTTGCGGCAATATCGCGGATATCGCTGACAACGGCGATGCCAACTACTACCTGATGGAAGCCTACAAACACCTTAAACCGATTGCGCTGGCGGGTGACGCGCGCAAGTTTAAAGCAACAATCAAG,peak
CTGAACGGCGAGCATTGCAGTGGCACTGATCAAACTCCAGACGGCAGCGTGCTGTTGTAAACGCAGAAAACGCTTCGCCAGCAAGCGACGAATCGTCAAGGGGGCCAGCCAGGCACCGTACATTGCGAAGCCAAAAACCAGCATCAGCGAGGTGAAATGGATAAATCGCAGCGCGATCCAGGTAAACGCCAGCATGAT,peak
GAT,peak
C,peak
CGACGGTAGCACAGAGCGCATCAATCTCGACAAAATCCATCGCGTTCTGGATTGGGCGGCAGAAGGACTGCATAACGTTTCGATTTCCCAGGTCGAGCTGCGCTCCCACATTCAGTTTTATGACGGTATCAAGACCTCTGACATCCACGAAACCATTATCAAGGCTGCCGCAGACCTGATCTCCCGTGATGCGCCGGATTATCAGTATCTCGCCGCGCGCCTGGCGATCTTCCACCTGCGTAAAAAAGCCTACGGCCAGTTTGAGCCGCCTGCGCTGTACGACCACGTGGTGAAAATGGTCGAGATGGGCAAATACGATAATCATCTGCTGGAAGACTACACGGAAGAAGAGTTCAAGCAGATGGACACCTTTATCGATCACGACCGTGATATGACCTTCTCTTATGCTGCCGTTAAGCAGCTGGAAGGCAAATATCTGGTACAGAACCGCGTGACCGGCGAAATCTATGAGAGCGCCCAGTTCCTTTATATTCTAGTTGCCGCGTGCTTGTTCTCGAACTACCCGCGTGAAACGCGCCTGCAATATGTGAAGCGTTTTTACGACGCGGTTTCCACATTTAAAATTTCGCTGCCGACGCCAATCATGTCCGGCGTGCGTACCCCGACTCGTCAGTTCAGCTCCTGCGTACTGATCGAGTGCGGTGACAGCCTGGATTCCATCAACGCCACCTCCAGCGCGATTGTTAAATACGTTTCCCAGCGTGCCGGGATCGGCATCAACGCCGGGCGTATTCGTGCGCTGGGTAGCCCGATTCGCGGTGGTGAAGCGTTCCATACCGGCTGCATTCCGTTCTACAAACATTTCCAGACAGCGGTGAAATCCTGCTCTCAGGGCGGTGTGCGCGGCGGTGCGGCAACGCTGTTCTACCCGATGTGGCATCTGGAAGTGGAAAGCCTGCTGGTGTTGAAAAACAACCGTGGTGTGGAAGGCAACCGCGTGCGTCATATGGACTACGGGGTACAAATCAACAAACTGATGTATACCCGTCTGCTGAAAGGTGAAGATATCACCCTGTTCAGCCCGTCCGACGTACCGGGGCTGTACGACGCGTTCTTCGCCGATCAGGAAGAGTTTGAACGTCTGTATACCAAATATGAGAAAGACGACAGCATCCGCAAGCAGCGTGTGAAAGCCGTTGAGCTGTTCTCGCTGATGATGCAGGAACGTGCGTCTACCGGTCGTATCTATATTCAGAACGTTGACCACTGCAATACCCATAGCCCGTTTGATCCGGCCATCGCGCCAGTGCGTCAGTCTAACCTGTGCCTGGAGATAGCCCTGCCGACCAAACCGCTGAACGACGTCAACGACGAGAACGGTGAAATCGCGCTGTGTACGCTGTCTGCTTTCAACCTGGGCGCAATTAATAACCTGGATGAACTGGAAGAGCTGGCAATTCTGGCGGTTCGTGCACTTGACGCGCTGCTGGATTATCAGGATTACCCGATCCCGGCCGCCAAACGTGGAGCGATGGGTCGTCGTACGCTGGGTATTGGTGTGATCAACTTCGCTTACTACCTGGCGAAGCACGGTAAACGCTACTCCGACGGCAGCGCCAACAACCTGACGCATAAAACCTTCGAAGCCATTCAGTATTACCTGCTGAAAGCCTCTAATGAGCTGGCGAAAGAGCAAGGCGCGTGCCCGTGGTTTAACGAAACCACTTACGCGAAAGGGATCCTGCCGATCGATACCTATAAGAAAGATCTGGATACCATCGCTAATGAGCCGCTGCATTACGACTGGGAAGCTCTGCGTGAGTCAATCAAAACGCACGGTCTGCGTAACTCCACGCTTTCTGCTCTGATGCCGTCCGAGACTTCTTCGCAGATCTCTAACGCCACTAACGGTATTGAACCGCCGCGCGGTTACGTCAGCATCAAAGCGTCGAAAGACGGTATTTTGCGCCAGGTGGTGCCGGACTACGAGCACCTGCACGACGCCTATGAGCTGCTGTGGGAAATGCC,peak
TA,peak
GGAAGGCAACGCCAAAATTATTCGCCTGATTGCCCGCGACGAAGCCCTGCACCTGACCGGCACCCAGCATATGCTGAATCTGCTGCGCAGCGGCGCGGACGATCCTGAGATGGCGGAAATTGCCGAAGAGTGTAAGCAGGAGTGCTATGACCTGTTTGTTCAGGCAGCTCA,peak
TTTTATTGCCACCAGCGGCGCGTTCCACGGTAAATCACTTGGCGCGCTGTCGGCCACGGCGAAATCGACCTTCCGCAAACCGTTTATGCCGTTACTGCCGGGCTTCCGTCATGTGCCGTTTGGCAATATCGAAGCCATGCGCACGGCTCTTAACGAGTGCAAAAAAACCGGTGATGATGTGGCTGCGGTGATCCTCGAACCGATTCAGGGTGAAGGTGGCGTAATTCTGCCGCCGCCGGGCTATCTCACCGCCGTACGTAAGCTATGCGATGAGTTCGGCGCACTGATGATCCTCGATGAAGTACAAACGGGCATGGGGCGCACGGGCAAGATGTTCGCCTGCGAGCATGAGAACGTACAGCCGGATATCCTCTGCCTTGCCAAAGCGCTCGGCGGCGGCGTGATGCCGATTGGCGCGACCATCGCCACTGAAGAGGTGTTTTCAGTTCTGTTCGACAACCCATTCCTGCATACCACCACCTTTGGCGGCAACCCGCTGGCCTGTGCGGCGGCGCTGGCGACCATCAATGTGTTGCTGGAGCAGAACTTACCGGCTCAGGCTGAGCAAAAAGGCGATATGTTGCTGGACGGTTTCCGTCAACTGGCGCGGGAATATCCCGATCTGGTACAGGAAGCGCGTGGT,peak
GGCTCAGATCGACAGCCACACCGGGAGTCACTGGAGCGATATCATACAGAGAGAGTTCTGAACCTGAAGGCAGTTGGGTTTTTAACAGTAGTGCAAGC,peak
ACGAGCAAACATACAGGAATAAATCG,peak
TTCGTCGTAATTCGTCCTCCCGAACTTTGTCGGGAGGCGCGATGTGCACCACACTAAAAATATCGCATTGAGTGATTTTCACGCTCATATCAAGCGGTGACATTAACTATGGTAAAG,peak
ATGAAACTCTACAATCTGAAAGATCACAACGAGCAGGTCAGCTTTGCGCAAGCCGTAACCCAGGGGTTGGGCAAAAATCAGGGGCTGTTTTTTCCGCACGACCTGCCGGAATTCAGCCTGACTGAAATTGATGAGATGCTGAAGCTGGATTTTGTCACCCGCAGTGCGAAGATCCTCTCGGCGTTTATTGGTGATGAAATCCCACAGGAAATCCTGGAAGAGCGCGTGCGCGCGGCGTTTGCCTTCCCGGCTCCGGTCGCCAATGTTGAAAGCGATGTCGGTTGTCTGGAATTGTTCCACGGGCCAACGCTGGCATTTAAAGATTTCGGCGGTCGCTTTATGGCACAAATGCTGACCCATATTGCGGGTGATAAGCCAGTGACCATTCTGACCGCGACCTCCGGTGATACCGGAGCGGCAGTGGCTCATGCTTTCTACGGTTTACCGAATGTGAAAGTGGTTATCCTCTATCCACGAGGCAAAATCAGTCCACTGCAAGAAAAACTGTTCTGTACATTGGGCGGCAATATCGAAACTGTTGCCATCGACGGCGATTTCGATGCCTGTCAGGCGCTGGTGAAGCAGGCGTTTGATGATGAAGAACTGAAAGTGGCGCTAGGGTTAAACTCGGCTAACTCGATTAACATCAGCCGTTTGCTGGCGCAGATTTGCTACTACTTTGAAGCTGTTGCGCAGCTGCCGCAGGAGACGCGCAACCAGCTGGTTGTCTCGGTGCCAAGCGGAAACTTCGGCGATTTGACGGCGGGTCTGCTGGCGAAGTCACTCGGTCTGCCGGTGAAACGTTTTATTGCTGCGACCAACGTGAACGATACCGTGCCACGTTTCCTGCACGACGGTCAGTGGTCACCCAAAGCGACTCAGGCGACGTTATCCAACGCGATGGACGTGAGTCAGCCGAACAACTGGCCGCGTGTGGAAGAGTTGTTCCGCCGCAAAATCTGGCAACTGAAAGAGCTGGGTTATGCAGCCGTGGATGATGAAACCACGCAACAGACAATGCGTGAGTTAAAAGAACTGGGCTACACTTCGGAGCCGCACGCTGCCGTAGCTTATCGTGCGCTGCGTGATCAGTTGAATCCAGGCGAATATGGCTTGTTCCTCGGCACCGCGCATCCGGCGAAATTTAAAGAGAGCGTGGAAGCGATTCTCGGTGAAACGTTGGATCTGCCAAAAGAGCTGGCAGAACGTGCTGATTTACCCTTGCTTTCACATAATCTGCCCGCCGATTTTGCTGCGTTGCGTAAATTGATGATGAATCATCAGTAAAATCTATTCATTATCTCAATCAGGCCGGGTTTGCTTTTATGCAGCCCGGCTTTTTTATGAAGAAATTATGGAGAAAAATGACAGGGAAAAAGGAGAAATTCTCAATAAATGCGGTAACTTAGAGATTAGGATTGCGGAGAATAACAACCGCCGTTCTCATCGAGTAATCTCCGGATATCGACCCATAACGGGCAATGATAAAAGGAGTAACCT,no-peak
CTATCTGCCGTTCAGCTAATGCCTGAGACAGACAGCCTCAAGCACCCGCCGCTATTATATCGCTCTCTTTAACCCATTTTGTTTTATCGATTCTAATCCTGAAGACGCCTCGCATTTTTGTGGCGTAATTTTTTAATGATTTAATTATTTAACTTTAATTTATCTCTTCATCGCAATTATTGACGACAAGCTGGATTATTTTTGAAATATTGGCCTAACAAGCATCGCCGACTGACAACAAATTAATTATTACTTTTCCTAATTAATCCCTCAGGAATCCTCACCTTAAGCTATGATTATCTAGGCTTAGGGTCACTCGTGAGCGCTTACAGCCGTCAAAAACGCATCTCACCGCTGATGGCGCAAATTCTTCAATAGCTCGTAAAAAACGAATTATTCCTACACTATAATCTGATTTTAACGATGATTCGTGCGGGGTAAAATAGTAAAAACGATCTATTCACCTGAAAGAGAAATAAAAA,no-peak
CCACAAAATATTTGTTATGGTGCAAAAATAACACATTTAATTTATTGATTATAAAGGGCTTTAATTTTTGGCCCTTTTATTTTTGGTGTTATGTTTTTAAATTGTCTATAAGTGCCAAAAATTACATGTTTTGTCTTCTGTTTTTGTTGTTTTAATGTAAATTTTGACCATTTGGTCCACTTTTTTCTGCTCGTTTTTATTTCATGCAATCTTCTTGCTGCGCAAGCGTTTTCCAGAACAGGTTAGATGATCTTTTTGTCGCTTAATGCCTGTAAAACATGCATGAGCCACAAAATAATATAAAAAATCCCGCCATTAAGTTGACTTTTAGCGCCCATATCTCCAGAATGCCGCCGTTTGCCAGAAATTCGTCGGTAAGCAGATTTGCATTGATTTACGTCATCATTGTGAATTAATATGCAAATAAAGTGAGTGAATATTCTCTGGAGGGTGTT,no-peak
GAGTTAATTCCACTGTGAAAACGAATATTTATTTTGCGTTCCCGTTTGTTTTATTTTTGTTAACATTTAATATAATTATTATTAACCTCGTGGACGCGTTAATGGCTAACTCATAATGGGTATTCAATAAGCTGTATTCTGTGATTGGTATCACATTTTTGTTTCGGGTGAATAGAGGGCGTTTTTTCGTTAATTTTGATTAATAATCAGTTTGTTATGCTCTGTTGTGAGTAAAAAATAACATCTGACTTTCAATATTGGTGATCCATAAAACAATATTGAAAATTTCTTTTTGCTACGCCGTGTTTTCAATATTGGTGAGGAACTTAACAATATTGAAAGTTGGATTTATCTGCGTGTGACATTTTCAATATTGGTGATTAAAGTTTTATTTCAAAATTAAAGGGCGTGATATCTGTAATTAACACCACCGATATGAACGACGTTTCCTTCATGATTTCTGGAGATGCA,no-peak
GCCAGAATAAGCTAAGGTTGAAGGGGCTGGAACGCCCCTTCAACCTTAGCAGTAGCGTGGGATGATTTCACAATTAGAAAGACCTGCATGATGAGCTAGAGAAGAGGCTAGTGACGCAAGGCGTCGTGCAGGACACGGATCACCGAGATGGGCATCGCCAACCAGACTGCTAATTAGCCCATGAATAACAATCAGAAAGGACCATAACAGACCCGTTAAAATGAAATATAAGAGACGGTCAACGGGTGAAGAAAAAGTTCAAAAATTCGCTGTGGAGCAGGAAGGGAATTACCGAATGGAAAGCGTAGCCACACGCAACAACTGAAAGCAGTTTGGCAGAAACAAAAAATCCCCGGACTCGGGGATTTATGTACAAGAGGCAGCCCTTAGGATGAGGGTATAAACGTACAGGAAAGG,no-peak
TAAATCAGCTCCAGATGAATGCGATATGCTTTTAGAGTTACTGGATACAAAAACGGATGTCAACCCTGACGCAATAAAAACGTCCCGCCAGCGTGAGTTCTGCATCCGTAAAATTAGCTAATTGTGCTGCGGTGGTTAAAGTAAGCGATATTAATTTCTGCTTAACTACCGACGCTTTTCATCGGTTGACATATTTCAGCATAAATTTTTGCATCTAATCAACGAGGAAAAAGGGGACAAAATGCACGCGTTGCAAAACCTATCCTGATGATTTGTATTGAATTATATGTTTTGCGATTTTTTTTGATATTGATTTGGTGAATATTATTGATCAATTAATGTTAAGAATTAATGCATTAAATATATAAATTAATTATTAAATAAGCACATTTAATCCATTTTGTAGATGATTGAGTATTCGCGGTAGTTATGATTAGATTGTTTTCGCAACAAAAACATTATGGATTATTATGCTGTGGTAAATGACTCATTCCACGGCAATGGATTCTGTTTTTATCAGAACCCGTATCTTTATGTTTTCCGAATTTTACTCATTTTGCTTTTTCTTATTTTATATGCATGATAAATCATATTCTTCAGGATTATTTCTCTGCATTCCAATAAGGGAAAGGGAGTTAAGTGTGACAGTGGAGTTAAGT,no-peak
GCCGCGAACAAAAATACGCGCCAGGTGAATTTCCCTCTGGCGCGTAGAGTACGGGACTGGACATCAATATGCTTAAAGTAAATAAGACTATTCCTGACTATTATTGATAAATGCTTTTAAACCCGCCCGTTAATTAACTCACCAGCTGAAATTCACAATAATTAAGTGATATCGACAGCGCGTTTTTGCATTATTTTGTTACATGCGGCGATGAATTGCCGATTTAACAAACACTTTTCTTTGCTTTTGCGCAAACCCGCTGGCATCAAGCGCCACACAGACGTAACAAGGACTGTTAACCGGGGAAGATATGTCCTAAAATGCCGCTCGCGTCGCAAACTGACACTTTATATTTGCTGTGGAAAATAGTGAGTCATTTTAAAACGGTGATGACGATGAGGGATTTTTTCTTACAGCTATTCATAACGTTAATTTGCTTCGCACGTTGGACGTAAAATAAACAACGCTGATATTAGCCGTAAACATCGGGTTTTTTACCTCGGTATGCCTTGTGACTGGCTTGACAAGCTTTTCCTCAGCTCCGTAAACTCCTTTCAGTGGGAAATTGTGGGGCAAAGTGGGAATAAGGGGTGAGGCTGGC,no-peak
GAAACCTCGTGCGGTGGTTGTTTTTTTGATCTACGCAGTGATGCGTGTGTAAGTTTGCAATTCCGTTTGTTGTATTAATTTGTTTACATCAAAGAAGTTTGAATTGTTACAAAAAGACTTCCGTCAGATCAAGAATAATGGTATGCGGCAGCGAATGCACCCGCTTTATGCATGGTTGAAGATGAGTTGCTTAAAAAGAAACCGTTTGTAAAGCTCAGCCTCAACCCCTCTCAATATGTAGAATGAATTTAAATTCGTTTTAATTGAATTAAAAATCACAAAATTGGTAAGTGAATCGGTTCAATTCGGATTTTTATAGTTTAATAATCGTTAAAAAACTCCTTTCCTACGTAAAGTCTACATTTGTGCATAGTTACAACTTTGAAACGTTATATATGTCAAGTTGTTAAAATGTGCACAGTTTCATGATTTCAATCAAAACCTGTATGGACATAAGGTGAATACTTTGTTACTTTAGCGTCACAGACATGAAATTGGTAAGACCAATTGACTTCGGCAAGTGGCTTAAGACAGGAACTC,no-peak
GATATCGGCGGTGACGAAGTTGAAGTGACTGAAGTGATGGTGAAAGTGGGCGACAAAGTTGCCGCTGAACAGTCACTGATCACCGTAGAAGGCGACAAAGCTTCTATGGAAGTTCCGGCGCCGTTTGCAGGCGTCGTGAAGGAACTGAAAGTCAACGTTGGCGATAAAGTGAAAACTGGCTCGCTGATTATGATCTTCGAAGTTGAAGGCGCAGCGCCTGCGGCAGCTCCTGCGAAACAGGAAGCGGCAGCGCCGGCACCGGCAGCAAAAGCTGAAGCCCCGGCAGCAGCACCAGCTGCGAAAGCGGAAGGCAAATCTGAATTTGCTGAAAACGACGCTTATGTTCACGCGACTCCGCTGATCCGCCGTCTGGCACGCGAGTTTGGTGTTAACCTTGCGAAAGTGAAGGGCACTGGCCGTAAAGGTCGTATCCTGCGCGAAGACGTTCAGGCTTACGTGAAAGAAGCTATCAAACGTGCAGAAGCAGCTCCGGCAGCGACTGGCGGTGGTATCCCTGGCATGCTGCCGTGGCCGAAGGTGGACTTCAGCAAGTTTGGTGAAATCGAAGAAGTGGAACTGGGCCGCATCCAGAAAATCTCTGGTGCGAACCTGAGCCGTAACTGGGTAATGATCCCGCATGTTACTCACTTCGACAAAACCGATATCACCGAGTTGGAAGCGTTCCGTAAACAGCAGAACGAAGAAGCGGCGAAACGTAAGCTGGATGTGAAGATCACCCCGGTTGTCTTCATCATGAAAGCCGTTGCTGCAGCTCTTGAGCAGATGCCTCGCTTCAATAGTTCGCTGT,no-peak
AAGAAGCCAAAGCGCTGGCTGAACACGGTATCGTCTTCGGCGAACCGAAAACCGATATCGACAAGATTCGTACCTGGAAAGAGAAAGTGATCAATCAGCTGACCGGTGGTCTGGCTGGTATGGCGAAAGGCCGCAAAGTCAAAGTGGTCAACGGTCTGGGTAAATTCACCGGGGCTAACACCCTGGAAGTTGAAGGTGAGAACGGCAAAACCGTGATCAACTTCGACAACGCGATCATTGCAGCGGGTTCTCGCCCGATCCAACTGCCGTTTATTCCGCATGAAGATCCGCGTATCTGGGACTCCACTGACGCGCTGGAACTGAAAGAAGTACCAGAACGCCTGCTGGTAATGGGTGGCGGTATCATCGGTCTGGAAATGGGCACCGTTTACCACGCGCTGGGTTCACAGATTGACGTGGTTGAAATGTTCGACCAGGTTATCCCGGCAGCTGACAAAGACATCGTTAAAGTCTTCACCAAGCGTATCAGCAAGAAATTCAACCTGATGCTGGAAACCAAAGTTACCGCCGTTGAAGCGAAAGAAGACGGCATTTATGTGACGATGGAAGGCAAAAAAGCACCCGCTGAACCGCAGCGTTACGACGCCGTGCTGGTAGCGATTGGTCGTGTGCCGAACGGTAAAAACCTCGACGCAGGCAAAGCAGGCGTGGAAGTTGACGACCGTGGTTTCATCCGCGTTGACAAACAGCTGCGTACCAACGTACCGCACATCTTTGCTATCGGCGATATCGTCGGTCAACCGATGCTGGCACACAAAGGTGTTCACGAAGGTCACGTTGCCGCTGAAGTTATCGCCGGTAAGAAACACTACTTCGATCCGAAAGTTATCCCGTCCATCGCCTATACCGAACCAGAAGTTGCATGGGTGGGTCTGACTGAGAAAGAAGCGAAAGAGAAAGGCATCAGCTATGAAACCGCCACCTTCCCGTGGGCTGCTTCTGGTCGTGCTATCGCTTCCGACTGCGCAGACGGTATGACCAAGCTGATTTTCGACAAAGAATCTCACCGTGTGATCGGTGG,no-peak
ACCAGGCCTCCGGTATTCTAAAGGGGAAAATAAGAGTGCGTTGCGAGAGTGCTGATGCTTTTTTAAACGTTAAGCATAGTCGGCGACAGCAGGAGGATTATTCTTAAAACGCGAATGCAGCTATGAGCCCGGCTAATAAATTCATGTTCGCCGGGATGTTGATGATGATGGGAGCTGGTTTATTGCTTTAGTTGTACGATGCAAAAACCAATAAGGAAACCTGTGATTTTCAGCTCTACATCACCCTGCAAATCTCTGTCACTTCTAATATAAAAATAGGGAGAAATGATGGAGCTTATATTCATTGGCGATTAGGAAACTATCTTGTTATACAAAACAATACAGTTCTTTACATTTGCCTTGTTTTATGAATACTCCTGAAGAGGTGTATAACATAATGGTACAAGCAGGGTAGAT,no-peak
TACTTTCCAAACCTGTAATTTTTACAGGTGCATTCAGTTTCCTTAGTAAACCGGAAGTAAATAAGATACGTAGTACATATCAATAAAGGTTAAACGAGATTAAGTTTAATTATTTTCGATTGGGCTTAAATTTATGTTTTTTTTCCCGATGAGTGTCAATATGTGAACGGAAAAGGAATTCAATGGTTAAGTCAATATTTAGAAAAACTGAAAATATTGCTTTTTTGATAAGAAGAAAAAGACATTTGGTTTCATAAGGTTATTGGCAATATAACGTTCAATTCTTACTTGCATTTTATATTGGTCAGGAACTTTGCCCTGAAGTGTTAGGAATAGTCTTAATGCGCTGTGTGATGGACTAGTAAAAAAACAAGTTTTAAGGGTAAGGGATAGAATATAAAACTATGATGAGCTGTCATTGAAGATGATTTGCCAATCAGTAAGATATTTTAATGGATTAACATGCCGCACAAAATGGTTACAGGTGTTCATTCCAATAAGTAATGGAAAATTGAACGGGCGTATGTACGTCATCTGTTCGGTAAGCCCCCAAGAGCCAGATTAAGTGAAGTTAAACGAAGGCTGCCAGCTGTCACAGGAACGATGGCCTTTTTGTCAGGGCACTGCATTCAGTTATCTGTGCGCGTTACTCTAACTGGCACTCGAACGTCGGCGACGGGGTTACCGGTGGATCAGACTGTTCCTGTGGCGTAAACGTTTTTATGTTAGTACCAACAGATTTACCACATTTATCATCTTAACAGTTTGAGTGAAA,no-peak
TGGTACTTCCTCGCTTTAAAAAAGAGTGCACTTCGTAAGTGCCCTTATATAAATAACGAGTTTGGTCAACCAATTTTTTGACATGTATCACAAATTTGAATAGATGTATTACATCAACTATCTTTTATTGCACCAACGTCATTGATATATGTCGCCTGAAGTCAGTTCCGGGAATGAGTCTGATCTCAAGACTGGCCCAGTCCGGGCGTTGATTGGTGCTGAGGAGCATATCGCATCTCATCATAATGTCGTATCTCCTGGGGTGTTATACAAGATATCGTTGTTGGTGACCTGGGAGAGGAATTGAGTTCTATTAAACCGTCAACTATGCCGGATACATACTGGATTACACTGCAGGCACGCCTTATGAGAGAACGTGCCGCAGTGACGGGTTAATTATCTGAAAGAATTTGTGAGGCTGTATCGGTTACTCATTGATTTGATAGTTTTACTCTCGGGAGAATAATAGATAT,no-peak
TGTTATCGTTCATGAGAAGCATAACGTAAAGGGAAAAGCTCGATTAGACGGCAGAATTTGTCAGGGGTTATGAACGAAATTCATAAATCTGTTTGAGTGTTGCGATGGGTAGTGCAAGTTCGATATCTCCGCAATTTACAGTCCGATGAAGGAAAATGAATATCCATAAAAAATATATTGGTTTATCCTGGCATATATACCTATTTCGACGTATTTCCAATAGTTTTAATTAAAGGCAGGTCATTGTTATTCACTCTGAATAGTGAATTATTCACTGTCCGCAGAGTAAGAAATATAACTTAGGTATCTATTTAATGACTTGCACAAAAAGCTAAATTTTCCCCCATAAATAAAAATATAATCCCGCGCCCAACCACCTGATGAGTGGCTATAGGCACTGGATATATTAGGTGGCGGTGCACTTTCTTACATAAAGGTATTTCCTTTTCTGCGGAAAAGGAAATCGGGAAATCCCCGGTTTTTCTGACAAGCAGACGCCATTATTTGTGTCTGCCTATGTTCGTTAATTCGTTCATCAGGAAATTATCTCA,no-peak
ATAAAACCGCCAGAAATCAGGGCAAAGATAATCCGCATTCCGGGAGTTGTGAGCCTTTCAACTATTTCTATTTCCAACGGTGGTTTGGGCTTTATATATTTTTTCTGATGGACTCTAGCTCAGTTTTTAAATAAAAATGCAAACTAAATTGCTTCAATTAAATAAAATCCCGACTATTACTTGATACGTGATTATTGTCGGTGATTTTTTTGTACACCATCAGTGTATATCTCAATAACCCCTGAATAAGTAGCTCTGAATAGGTATAAGGGATGTAGCCATTTTTAAATGGATTTCTTATGCCAAAAATGATCGTCGATTTCCCCATAAAATGTGAGCGATGCCGAAAGAAATAAAATTAGTTATTGCATTTGACGTTTGGATGAAAGATTATCATTTGTCATACAAATGAGGGGTGGTATGTTGCTAGCCAATTAAAAAAGAACGCCATATTTATTGATGATTGATCCCCCGGTGGGGGGGAAACATCGGGCATAAATGGGCATGAAGTAATGGAGTATTAGTT,no-peak
TTGTTATTGCATAAAACCGCGCCATGTCTGCATATGGCGCTGTTTCTCCTACCTCTTGATACGTTATATCTATACGGTTAAGCCCTTAGTATCTATTGATGATTACCAGACAACAGATAATAAAAAAGAAAAGAACTATTGCAGCCCAAAACCTACATTTGGGCTGTTGCGAATGTTCAATAAGTTTAGTCTTATTTAATGTAAATATTGCTGATCATTTGAAATGACGCATTATTCATGAGAAATGTGTATCGTAAATCAACTGAAATTAACGCAACCATTTGTTATTTAAGGTTTAATTATCTGTGTGTGATATTTTATTGAATGTTTTAAATATTGTTTTTATTGGCATTGCTATAATATTGGTTATCATTTGCTGAATGGATTCAGTCTTAATGAGTGGGTTTTTAAGGGACAGGCATAGAGTAATGATACGTATGCATAACCAACATCTTTACTCATTATGTCATTGAATGTTGACGCTATGTGTTTATGAGGGAGAGGTATTTTCAGTTGATCTGGATTGTTAAATTCATATAATGCGCCTTTGCTCATGAATGGATGCCAGTATGTAGTGGGAAATTATAAATATTGAAATAGTCCAACTACTTCTTTATTACCAAAAATGAGTATCTGAATTTTAATATTGCATTCTTGCGTGATTATCTCCTGAGTTTGACTTGTGATTACCTTTTTAAGGTATTTAGCGTAACTGTTTTTGAGCGAGCATCAGAGGTAAAGATAATCTTCTTGATAGTGATGTGGGATGTTATACGTATGGCATCGCTGATGTTTATGGTTACCCCTTATGTGTGCTCAGGAATCGACAGGTAATCACTCATACTGAACAGCGATAAAAGATAAAGGTGTGTTC,no-peak
CCTACATGTTCATGCCGGATGCGGCGTGAACGCCTTATCCGGCCTACGAATGGCGCAAGAATCTGTAGGCCTGATAAGCGTAGCGCATCAGGCATTTGTCACCATTGCCGGATGCGGCGTGAACGCCTTATCCGGCCTACGAATGGCGCAAGAATCTGTAGGCCTGATAAGCGTAGCGCATCAGGCATTTGCCACCACTGCCGGATGCGGCGTGGACGCCTTATCCGGCCTACGAGTGGCGCGAGAATCTGTAGGCCTGATAAGCGTAGCGCATCAGGCATTTGTCACCATTGCCGGATGCGGCGTGAACGCCTTATCCGGCCTACGAGTGGCGCGAGAATTGTAGGCCTGATAAGCGTAGCGCATCAGGCAGTCTGGCGTTGGTCATAACCCCATCACCCTCTGTAGCGGACATAACAAC,no-peak
TTCAGAAAGGGTTCCACCTGCAAGTTGTTATTCCACCTGAGAGTGAATCGCAATGCAGGTAATCATTTCATCTGTATATCTGTATGCCAACTGGCATTCCATCTCTTTTTTCGCCGATATTTTGTTGTGATCGGCGACACTTCGCTTAAAAAAGCACCAGTAGTGGTTTCGCAGCCATGCGGTGTATAAAAAATGATCTCATGCAGATGTTTTGTGAATGTGTTGGTTGACATTCATATGAAAAAAATCATAATTCCATCATGTTTGTGTGGGGTCTTTTCTGTATCTTACGCATCGCACTCAAGCCTGACAGAAAATATGCTGTAAGGCTCATATCAAAAACCGCCATTAGCTCATCAGGAAGAGCAGACGACAACCAGGATTGTTGTATGGTACGGGGTTCGAGGCCTCG,no-peak
AAAACGCCCGTTGATTGTATTCGACAGCCGATGCCTGATGCGTCGCTGACGCGACTTATCAGGCCTACGAGGTGCACTGAACTGTAGGTCGGATAAGACGGATGGCGTCGCATCCGACAACCGATGCCTGATGCGCCGCTGACGTGACTTATCAGGCCTACGGGGTGCACTGAACTGTAGGTCGGATAAGACGCATAGCGTCGCATCCGACAACCGATGCCTGATGCGCCGCTGACGCGACTTATCAGGCCTACGGGGTGCACTGAACTGTAGGTCGGATAAGACGCATAGCGTCGCATCCGACAACCGATGCCTGATGCGCCGCTGACGCGACTTATCAGGCCTACGGGGTGAACTGAACTGTAGGTCGGATAAGACGCATAGCGTCGCATCCGACAACAATCTCGACCCTACAAATGATAACAATGACGAGGACAAC,no-peak
TGATGACTGCCGAGAACGTGCATTTTGTATGCCCATCCCAGCACGACTGCCGGATGCGGCGTGAACGCCTTATCCGGCCTACGGATGGCGTGAGAATTTGTAGGTCTGATAAGACGCGTTAGCGTCGCATCAGGCATCTGCGCACGACTGCCGGATGCGGCGTGAACGCCTTATCCGGCCTACGGATGGCGCGGGAATTTGTAGGCCTGATAAGACGCGTTAGCGTCGCATCAGGCATCTGCGCACGACTGCCGGATGCGGCGTGAACGCCTTATCCGGCCTACGGGTGGCGCGAGAATTTGTAGGCCTGATAAGACGCGTTAGCGTCGCATCAGGCATCTGCGCACGACTGCCGGATGCGGCGTAAACGCCTTATCCGGCCTACGGATGGCGCGGGAATTTGTAGGCCTGATAAGACGCGTTAGCGTCGCATCAGGCATCTGCACACGACTGCCGGATGCGATAAACGTCTTGTCCGGCCTACATTTCGCCCGTAGGCAGTCATTAAATAGTTCTGATTACGCGGCTGGCAATGTATCAGTCGCGATTCACCTGCACTCGCAACGAGGTTCATCTT,no-peak
TTAATGACACTCCATTTTATTTATTATACTACAAGCACAACGATGCACTCAGAGACGTAATCTCTGGCGCAGCCAGATGTTAATTTATAAATGTTAAATGTTGCTAATAACTGAAAAGCAAGGGCTTTCAGACCCGTGGGTTCGACTGGGTAATGTTTCTATGCAATTCATATGTTAAGTGTTTGTATGTTTGGTATGTATAGTTATTTTGTTTTATACATTGTATTTAGATGTGATTTAGTTTGTCAATTAATTGCATTTAAAAAATATGTTCTGTGAACAAGCATTGTTTATATACATTATGTGAATGTAATATGCGAGTGATTGAGAATGATACAGTGATATATACAATGCGAATATAATAGTTTTATTATATGTATTGATATTGATAGAAATAATGAAGTAATAAATCTCGTAATGTGGTTGTTTATGCATCACTAAAATGAAGTGTAGTAATTTTCCCAATTGTTAGAACGGAGTAATTGCATATTTAATCTTTCCTTAGCCGTTTTTTTGCTAAGAATAAAATCATCTGTGCGATAACGACTAATTCTTTTAATGAATGTTTTTATTCCTGAATACTGCTCCCATAACAAGACAGGGGAGCAGACAATC,no-peak
GGTCTGCCTGATGTTTGTGGAATCGAGGGGCATAGTATACCTGAAGCAGGGTAGGGATGTTTTACGAAAGTTGTCGCGATGTTGACAAGAAGAGAATGGAAGAGAGGCCAGGACATCTTTTTAATAGAAACAGCAATAATTTTATATTCACTGAAAATATTTTTAATCTTTATTTATAGCTGTTGGTTATTATTTTTTGGAGTTTGGTTGCGCTGCTATAAATTGAATAATTAAAACTTTGTTGCATATTCATAGGATATTTATCTGGTTTGTGTTTGTGATATTTATTATGCGTATGCTTCAAAAACAAAATTATCTGCAACATGTTGAAATACTGTGCTTTTATGAATTTGATGCGTGTTTTTCTCCATAAATTATATATGTCCACATTCGGACTTAGGGGAAAGAATAATTGAACCATTCGTCTGTAACGCAGCATAATCGTTAGCGCGAAACATAATATGTTTTCTATGCATTGATAATTGATGGATCAACTTATTACGTCCCTGAGGAGGGATGACAA,no-peak
TCAGGACGCGGGGATAACCAACGGTTTATTCCCGCTTAGCTCGGTCACCAGGTCATTGATGCCATCGCTCATATTTTTAAAGCGCGTCAACGGCGAACGAGTGACCACCACAAACGCGCCAATATTCTTCTGCGGGATCATCGCCATATAGGTAATGAAACCGCCACCACCGCCTGTCTTCTGAATAATCCCCGGACGACCCTCTTTCGGGGCCATATATACCCAACCTAAACCAAGCGCATCCGCTTTGCCGGGGACATCCATGCCAATCACTTTCGTAAACTGCGCGCGCTGATAAATCAACGTCTGCATGCGATCTGCCTGGTTACTGCGCTGATAAAAATCAGATGACAAATACTGCTGCATCCAGCGCATCATATCGCCAGGCGTGGAATAGACGCCGCCGCTGCCAATTGCCGCCAGCGTGTTATTGCACGGACTGGCACCGCGCTCAGCAACCATTAAACGGCGGCACTGATCCGGTGAGGGGGTGTAGGTGGTGTCTTTCATCCCCAATGGACGGGTAATCTGCTCTTCAAACAACTGGGTATAAGGCTTGCCGGACGCATTCGCCAGTGCATCTGCCAGCAGGTCGAACGCAAGGTTAGAGTACGCCGCCTGACTGCCTGGCGCGGCTTTCAGCTTCGCCGTAGAAAGGTATTTCCAGCGTTGCTCGCGCGTTGGCCAGACAAACACCGGACGATGTGCCGCGCCACCGGGCTGTTCACGGGGCAGGGCGCTGGTATGGGTTGCCAGATTGACCAGCGTAATGGGCGTCCCATTGTAGGTTGGCACGCGTGCGCCTGGCGGAGCATATTTACTTAGCGGATCGTTTAACTTCACGGTCCCCTGGTCGAGCAATTTCACCAGCATCTCACTGGTCATTAGCTTGGTGAGGGAAGCAATACGCACGACCGAATCCAGCTGCGGGCGAACGTTATTACCAGGTCGCGTTTCGCCATAACTGCGAAAGACGCGCTGGTTACCGTCGATAACAACCAGAGCCATCCCCGTGGCACCGCTGCCGTAAAAAATATGATCGGCATAACGATCGACAATATCAGAGGCAAACTCCGGTTCAGTGATCGGCTGCGCCGCATGGACGGAGGTCAATGACGCCGCACACAGCACGGCAGAAAAAAGCAGACTACGTTTCAACGGTGGTGTCCATAGATTGAATGAAGGTAACTGAGCGTATTTATACTACTCATTGATAGATTGCAAAGGGCGAATTAGTGCAATAATAGTGTTAAAAACGTAACGGCGCGTAAACACGATCTTTTTCCTGCTCACCAATGCCTGCATTTGTGATCCTGCGCGTGTTAATCCGCTTATGTAAACAATCTTTGGTTTGTGAAATCCGTCGAAACAATTCTTATGGTCAGGCTGGCGAACTAAGCGCCTTGCTATGGGTCACAATGGGCGGTTTCATTTGGCTGACGCTTTGTAGCGGTCATGCGGTTAATACACAGCAGTTGTTAAAACGATAAGAAGTTAGCAGGAGTGCAT,no-peak
CTTAAAAACCTATCCCGTCTAACACAAAGTGCATACATTACCACGACAAAACGGGGGATTCGCGGCCTTCTGAAAGATTGTTGCAATCTTCTGCTGACAAAGCGTGCAACGTACTGGTGAAGAAAGTGCGTTATCTCAAAGATGTGCGCAAGATCACAAAAATGATGAACGGGAAGCTAATTTATTCCTGGCTTAAATGGCCATGCGGTGAGTTTTTTTCTCTTAATTATAAGTTAACGAAGAGAATATATTTCATAACTTTTATTTATAATAAAGGTTGATAATTAAAAGCCTATATTTTGTGTGGGTAATTATTTAAATAAGAGAAACGTTTCGCTGGTAATCAAACAAAAAATATTTGCGCAAAGTATTTCCTTTGTCATAAAAATAATACTTCCAGACACTATGAAGTTGTGAAACATAATGTTAACTTCTCCATACTTTGGATAAGGAAATACAGAC,no-peak
TCCGCCTTTGTCATCTTTTATTGCCATAAGCCAGTCGATGCTGGCTTATTTTCTTTGCAGTCAAAATACGGGCGTTAGATTTTACAACGATTGGTGATTTTTTGTTCGCATGATTAGCCATGTCTTTTTCACGGAAATAGTGTTTTATACTGGTTGGTGATTTCTTATCGCTATATACCTCTGGTTTTTAGATCCCTCCTTGCTTTAAAACGTTATAAGCGTTTAAATTGCGCTTCAGGTGCTGTCATACTGACTGCATTAACGCGGTAAATCGAAAAACTATTCTTCGCCGCGCCTGGTTGGGAGTATTTCCCGCTAAAATTGTTTAAATATACCGCTGTATCATCCCCAGGGATTGGCACAAAAATTTAACGTTACAACACCACATCCACAGGCAGTATGATTT,no-peak
TTAACGACCTCAATTCCACGGGATCTGGTGGCGTTTAAAGTGTGTGGGCATTTTACGGGAAGGTTACATTACTGTAAACATGATTAAATTCCTGTTACTTGGATTTGGCTGCCAGGTCACATATGTTGCAAAACATATCAGGTTGATTTTAAGAAGCTGTTGCAAAAGGGCGTTATAACAAAAGGGGAGTGCTGAAGGAGTCTGGGCGGGCAATTGGTATAACCAATGTGAAATAAAACAATTATTTAACAAATAATTATCATTAGAGTGACAACTGGGTGATGAGAAAATAAAGACTCATTAGCTGAATCGTGTAAGAAAAATAGAATTTATAAATGGCGCCAATAATTTCCAAACGCTAAGCCGCACAAAAGAACAAATATTAATAAGCGATACTGATGTTTATTTAGCCGTAATAATTACGGCGAGTGATTACTACAGCTAAATAATATTTACAGA,no-peak
AACGCGTCCCCTTCTTAGCGGTTGAACTAACGGACACCTTTCGGGATGGAAAAAACTTACTGACCTGGACTTGCCCTCTCGTTTGTTAGCTTAACTATAAGCCACTCTTTGCAGGTTTTCATCGCATTATTACGAAAAATTACAATTAGGAAGGAAGCGGGACAGGACTCACTTTTTCATACTAGCACTAACCCGCAGCAGGTAAAAGCAGTTTGCTCGAACTATTCATAACATTTCAGGATTATCGCCAGATGAAATTGGTGACACTAATACCAGGATTGCTCTGAATATGACGTAATAACCGAGGAATGAATAAAGAATTACCGCAAATAATTAAGAATAGCCTCTAAATGATTATGGATTATTAAATCTATTAGCGCTACTTAATATAAATTAACTAACAATCAGTATTTTTTATGAATTTTATCCGTGGTTAATACTGGTTTTCGTATGAGATCCTGAGTTGGTGGTTCAATTACTCCTTAATGTTCGTAGGTTATGCATAAAAAAGGCCGCTTACGCGGCCTTAGTGATTACACGTTGTA,no-peak
TTAAGACGAGACGGCTCGGATATGTAGGGTTATCCCTTCTATCGCAATGACTTCAACATGCGTACCTGCACCGAGATCCTCGCTGGCGCTGACAGGCCATGAACTGTCACCGACGCGCATATGACCGCGCCCGTTGACCAGCGGAGATTCCAGCACAAAACGTCGGCCAATCAGCTGCTGCCCGCGCTGGTTTAAATGACTATCGCTGTGCTTTTGTTCGCGCACCCGCCGCGACAACCATTTCCACCACAGCCAGGCGGCGAGCAGCGTCAGGATGGCAAACATTACCCCTTGCCACTCCCAACCCAGCGGCACCAGCCAGACCACCAGGCCGGTAATCACCGCTGCCACGCCGCTCCACAACAAATAACCATTTCCGCCCAGCATCTCGGCTGCCAGCAGCAAACCGCCGAGACTGAGCCAGAAAATATGTGGATGAACGACCATTAACTCCATCATGGCTGAGTCCGTTTGTTGGCGCTGTCTTTCACCAGCTCGGCAATCCCGGCAATCGACCCCATCAGGCTGCTGGCCTCTAATGGCATCATCACTACTTTGCTGTTACTGGAGGAACCGATCTGCTGTAACGCTTCGGTGTATTTCTGCGCTACGAAGTAGTTCACCGCCTGAATATCACCGGAGGCGATAGCTTCAGACACCATTTTGGTGGCGCGGGCTTCTGCTTCGGCGGAACGTTCACGCGCTTCAGCCTGTAAAAACGCCGACTGACGTTCGCCTTCCGCTTTCAGGATTTGCGACTGTTTTTCACCTTCGGCTTTGAGGATTTCCGCCTGACGGATCCCTTCCGCTTCAAGAATGTAAGCGCGTTTGGTACGTTCCGCTTTCATCTGCGCGTTCATTGAAGAGATAAGCTCTGCCGGTGGGCGCACGTCGCGAATTTCAATACGGGTGACTTTAATCCCCCACGGGTTGGTGGCTTCATCGACAATACGCAGCAGGCGTGAGTTGATGCTGTCGCGCTGAGAGAGCATTTCGTCAAGTTCCATTGAACCCAGCACGGTACGGATGTTAGTCATGGTCAGGTTGATGATCGCCAGCTCCAGATTGCTGACTTCATAAGCCGCGCGCGGCGCGTCAATCACCTGAATAAAGCACACGGCGTCGATGGTAACGTTGGCGTTATCTTTCGAGATAACTTCCTGGGAAGGGATATCGAGCACTTGCTCCATCATATTGATCTTGCGACCAATGCGATCCATAAACGGCACCACCAGACTGAGCCCCGGCTGTAACGTTTTGGTATAGCGACCAAAGCGTTCTACTGTCCACTGATAGCCCTGCGGTACGATTTTGACACCCGCGCCGACAATGACCAGCGCGACAAAAATGAGAATCGGGATAAAGATAAGCATCGGAAAAACCTCCTGTTGTACCGTCCATAATCAGCAAAATTGCTGCTTGATTAAACAAATTATACCTGATTACTGAAAGAGAGTTCCCCCTTATTCCTGCGAAGGATAAACTGTTTTTAGTAAAAATCAGAAAAAGGGAACAGCG,no-peak
TGAGAGTAAATAAGGGGCGTTCTGGTTGAATGGAACGCCTTGTTTAAATTAATTCTACAATATGTTTCATTGATGATGTTATTGAATTGGTGATTTCCTATCTTTCTATTGCTGATATTAATCTGAATCGGTGGAGTTTATTGATTTTAAATATAGCCCTACAAAAATAACTCAGACTAATAAAATCATAAATCATATGCGTTGAATGGATATTATCCATATAGTGAATTTGTTGATGATGAATTCATCTGTGCTAAAAATGTTAGTTTAATAAAATATTGAAAGTGACCTGTAATAACAGTTGTTGTTGATTGAGAACAAATAAGTTTATGTGAAAAATATATAAATACATTAGCTGGTCTTGTGTGTCATTTTATTTTTTTTTGTTGCTAACACAGGGATATGAACAATAACTAAAAGGGCACTTTAT,no-peak
CAGAGAGAGGATTCCATCTGTTACGTAGATCGAAGGGGATGCGCCTATTTTGTCAGAAGCGGGGCGCGCTGTCAGGTTTCGTTTCAGATTTATCGCGTGAAGCGACCTCTTGCGAAGGTGAGGCGCACCGTCGCTGAGACTGAAAGCTTCATTTTTCGTCCATGATGGCGTTGTAAATCTGGAACTGATTTATTTCCTTGTCTAAGGATTAAGATAATTTAAGAAATACCTGACAATATAAAAAGAATTTTCAGCCTGGTAATTTACCGCTTCAGGTCTATATTTGTGTTGAATATATTTTGCGCGGAAGTATTCATCTAACGGGGCTCTCTATTTTTTAGAATAGAGTGCATATTTTCAATTAAGACATTCTTAGAGGATAAAAAGGAATTTACTACTATCAGTGTCTTAAATAAAGTAATCGGTTATATACGGATGTGGAGTCGATAAATGAGATTGAAGGAATATAT,no-peak
ATAATGATCTCGGATTTTAAGTTATGCTATGGTGATAAAGTGCAAGACAGAATTAATTATCTTTGACGAAACTTAATGGGTAATTACTTTGTTTGCTCCCACAAGCGAGTTTTGTACGGCTGTATTGGGGTAGTAAATGAGCTATACAATCTTAATCATTTGTTAGGTGAGAACTCTTGGTCGCAGATTCAAATACTGAAAATACGTGACAAATTATTATGAGCAAAATGGTGTATGTCACGTATTTTGAATGGTAGGTTAAAAAATAACACCGACTTTCGTAGGTGTTACTAATAATAAAGCAGAGTTTTTAGATAGTATCAATGTGCTTTGTGTATATTGTGGCAAATAATTGGGTTGGGGGTACAATTGTGATTGCTTTTGCATGAACATTGCGCCTTTATGCATAATGAGATAAAGGAATATCAAATAAAATAACGATAGGTCATAACAAAGAGGTTTTT,no-peak
CGTGAGCCCTTTTTTTGAACTATTATTAAAAAATGATGTCACTGCGCGATAAATATTCATCTAATCAATGTGATTATTTCAAGATGTAAGTTTTGGTTTCTCGTTTGATTTGTGAAGTAGATCTCTATTTTTATCTGAACTTTTTTCTATCGAATCCTATTCATGGCTCTTGGCTGAATAAAAATAAATCTATTAGCCAATTTATATTAACGGCTGTTATTTATAAGTGCTCTATAATTTGAAGGTTCAATTTAAACCGGCTAAAAATAACACTGGAAATTATTTTTTGGTTATTTGTTGAGATTTGCTTATGTATTTGTAGTGGTGTTTTCAATACTCGGTAGCATTCTCTCAAATATCATTTAGTGGTTTACGTACGTAAAAAATTGGTTATGCTGTTAAGAGTGGTTACTTCGTCACACAGCTTAAACCCGCCGTCGAGCGGGTTTTTCCATTTTTTGAGTCTCGATATTAGCTGATAACCCAATACCTGAGTTATTCACTGACTCCGAGTCTGTTACGTTTCGTAGTATTCCCTCAATTTACACCCGCTTTGTCTGCGAGGTGGGGTT,no-peak
TAAACAGTATGTATATCATAGGTTATTAATTGTGAGTTTTTTCGGTGTGTTATTTGTTTGTTTGATGTTATGCTTTTGCGCCCCAAAAGGTTGTTTAGATGTATTTTATCAATTGATTTTCAATATCGTTTAATAAAGAAAAATTAAGCAAGCTGGATGTTGGTTTTTTGTTAATTGAATGGTTCTAATAATGTTTTTTTACTGTTGTTGAATGTGACTTGATAAGAAATGCAAGTAAAAATGATACTCTTTTTATTTTAAATTCAAACGGTTGACATATATATAGCAAGAGGTTTCAGGTGCGTTGTAGTGAGTTTATGTTAATAAAAAGCATAGTAAGCGTTGAAAAATGTAACTTTGAAATAAGTTAGAATAAAAAACAACATACATATAATAATTTAATCTTAAATGAAATTTATTAAAATTTGCAAACTATAATTTTGTGTATAAAAATATAAATGCACATCATCCTGATTATGATTGTGTATTTAATTGGTTGTTATTTGACTACTATCAACTTGTTTTAATTTTATGATAGGTGCAAG,no-peak
AAAAGTTCTCCATTCAATCGTTTTAATGATTGAATATGTATTTTTTATATCTAACTTAATGAGTCAATTACATATTGCTCCACTGTTTATATTTTGTTTAGTATTGAATGATTATCACAATGCGCTATCTGTTTTTGGTTTAATTATCTGTTATTGTTTCATATTTCGGTTTTACTGTGTGGTTTTTTTATGCTTTTGTGGTGCTTTTATCTATTTAAGTGCCATGCCTTTAGAGGCATATAAGCGAAAATAGCATGAGGTTTATCCTCAATTACTATGTTTTTTAGTACAAAAAAGAGGGACAAAACTGAGACACATAAGGCCTCGCAATGGCTTGCAAGGCTTTACATGTTTTGAGGTAGTGGGACGTGTGAGCGCAGAGATGGCGCGGTAAGTTGTTGACTTAAAATGTCGTTCTAGGAA,no-peak
TTACCAGTGCACTCCAATGGTGAGAAACGCGTTGTTGCGCTCTCCGTTACGTTGATTAATCGCCTTAAAGGTATGTTGATACTCGACGCCGAGACTGACTTTGTGCGGCCAGGCGTCGTAGTGCGTCTCGCCGGTCCAGATATTCCAGCGGACCCCGACTCCGCCAAGCTGCGCGCCCTGAGTGCCTTTATCACGATAGCCGTTGTCCTGAACGTGAGCGTAAGGCTCAATAGTCTGTCCGTTAGCTACCTTCTGATGCCAGCTGACGCGATAATCTGCCGTCCACGCCTGAATATCCTGGCGGATATATTGCGCCGCATCGAGGTACAGGTTTTGGGCAAACCAGCCTGAACCGTTCGGGTGCCATTCGTCGCTGTATTTGCCGCCATTAAAGAATGAGGCGCTGGCGCGCAGCATGGTATCGGATGCGCCATTTTGGCCGTTCAGCGGCAACTGCTGTTCGACGGCGATGAAAAAGATCTGATCGCGCAGCGGCTTCCAGCGCAGACCGGTGCCGGACATCGGATTTTTCACCGGCATCATCACCCCGTTTTCTCCGGTATCGGCAAAGACGCGGCTATAAACTGAGAGCAGGTCGCCTTCCAGCAGCATATTGCGTCCGATGCGGTACTCGGCTTCCAGTTGTCCGTAGCTACGATAGCTTTTCCCTGGCGCTGCGCCGCCGACATTATTGTTAGCGGTACTCATTGCGCCGGAACGCAAGCCGATGGAAGAATCGAAACTGAACGTCCAGCGGCGACCGACCTCCTCATGCAAACGGCGGAAATTGAAGCGTTGTTGATTTTGTTCTGGGGTCAGTGGGGTTATCAGCGCCTGATTATCAATGTCATCAATCACCAGCCGGGCGTAGTGCTGCGTCGCAGGCATGTCATCCAGACGCTGGTTCACGTAGGCCAGTTGTCGGATCAGTGCCGGATCGTCCGGAAGCCCTTTATGCGCCGGTTCGAGCATTTCCCGCGACTGTGCGATATCACCGCTATCCCACAAGGCGTAACCAAGCGCTGCCTGGGTGTTGCTATTATTCGGTTCCAGTTCCAGCGCGGCGCGCAAATCACTCACCGCGGCCGGGACATTATGACGTTGGCGATAAATTGTCGCCCGCGCAACGTAAGCGTTGGCAGAAGGCGCAATATTGATTGAGCGCGTGAGATCGTTCAGTGCGAGTTCCGGCTGACCAGGAATGTAACGTTGCGCATGCAGCCACCAGTAGAGGGCATTGCTTCCCAGTCCACGTTTTTCTGCCTGTTGTAGCCAGCGATCGCGAGCCGCACCATTTCCTGCCGCCTGGGCGGTATTGGCAGCAGCAAGCAGATCCTCATTGCTCATGTCGTGAAGACTGATTTTCTGCCAGGCCGCCAGTGCGGTGGCGTAGTCCTCAACCTGATACGCCTGATAGGCTACCGCACGATGTTGCCAGGCGCTCGGTTGTCGTTGTTCGGCCTGAAGCCATGCATACAACGCCACACCGGGTAGCGTGTCCCGATAACACTTTGCCAGACGGTTCCAGGCGGCGGCATCGTAGGAAGGCGACATATCGCCCAGCAAGCGAACTATTGCCGGGCAATTATCTGCAATACCCGGCAACTGACTTTGCCACTGACGTTGCTCCGCCAGCGGTAAGGGTTTCGATAAAATCGCCACCTTCGCCGGCGTTGCCAGGTAAGGATGACTTTCCAGCAGAGACGCCAGTCGCGCCATTAAAGTCTGGCTGACACGCGCATCGCCCTGGAAAGGATAGCGTTGCAGCAATAAATCGGCAGCTTCGCGTGACTGCTCGTTCTGCATCAGTTGCCAGGTTAGTTGATCCAGGCGGGTAAGATTTGCCGGTTCTTGCTGATACAGCAATCGTGCCAGACGCAGAGCTTCAGCCTTGTTACGGGTCGCCACGCTGACAGCATAACGCTCCTCAAGCATTTCATTGGCGGGGAGGGTGGCGAGCAGTTTTTGCGCTGCGTCGTACTGACCTTCTTTTAACAGCACCGGTAGCGTCGCGCCAACAACATACTGGCGGTTGTCGGCAAACTGTACCGTATAATTCGCCAACGCCTGAACGGGGTTAGCGCTGTATTTAGATAACAGATAGAGCCAACTTTTCTCTTGTGCGTCCGTGGTAAATAGTGGCTTATTTTCAATGAGATAATGCTGGAGGCGTGCTTTTTCGCCACGATAAGCCAGCGCGGTCGCGTAAGTAATATATGACTGAGGATCGGTGAAGATCCCCTGTGATTGCAGTGCCAGGATCCGATCGTCCAGCTGCCCGGCAAGAAGCACGTCAAACCACTGACGGCGTTCTGCCGCGCTTAATGTGTTCTGCTGGCGTGCTTCATTGTATAGCGTATCTGCCTGGGACCATTGTTTCAGGTAGATTGCCCGTTGCAGCAGATCGGTTCGCAGCGTTTTTCCTTCCGGCGATGCAGCAAACGTCGCATCGTTCAGTTGCGCTCTGGCGACAGGTAACTGTGCCAGCCGCAGGGCATTCTGCCCGACTTCACTGCGACAACGCAGGGTCGGCGCAGCATCGCACGCTTTTTGCTGGGCAAGCAGTTCTTCAACTGTCGTAACGCTTTTCACTTCAACCGGAATAGCCGCCAGACTGCGCTCAAGTCGGGCATCTCCTGGGTGACGTTTCAGTTGATCCTCAAGCAACAGCCGCGCCCGGTCATCATGACCAAAATGGCGATAGGCTTCCGCAAGGTATAAAGTCAGCGGAATATTATCCGGCACCTGCTGGTGTATATATTCAAATTCGCGGATGGCGGTTGCTTCGTCGTTATTTTTCTGTGCCTTCAGCGCTTTATCGAGACGGGGATAAATAACAAAATGGCGATAATCGCTCAGCCCCAGCTCTTCTGCGCTGGTGCCGATATTGTCTGCGAGTGCGCTGGTACTCAATAAAGACGTCAGCAGTAAACCAGACCATCCGATGACGCGATTAAGGTTATTCTCCTTCATTTTCGGACTCCAGTTGCGCAACCTGTTCTGTGTTTAAACCTGCTTTGAGTAATAGTGATTGCATCGAAACTTGTAATTCGCGTTGAATTGTCAGGACGCGATCCAACGTTTCCTGGCTGATAACGCCTTCGGTGACCAAAAACTTGCCGAGCGGCAGAGAACTGCGTTCATGGCGCAATAACAACACGTTAATTGCTGAACGATTAATATGACCGAGCGTGGTCAGTATTTCGGCGAACAGGAACTGATGCGGCACATATTGCCGCCAGATTTCACCGGCCTGCTGTTCCGTGAGCCACTGATGCTGAACCGCATTGTACAACATTGCCCGCGGATCGTGACCGCGTCGGCGTGCATACCAGTGACGTAACCCTGTGACAATTTGTCCCCGCAGAACAATGACGTAACGCACTTTGCGTCCGACTTTACGCGTCAGGGCCGCCAGCGAAACCGGGTCAATACCATCTTCACTGCCGACAATTAACTCGTCATTTTCCAGACGCAGCGGCAGTACCGCATAATGCAGCGCCACGGAGGCCGGCATTTCGGCAATCAGCGAGGAAGGGATCTGCCAGGCATCGATGGATTCCCACGCCACGCCGTTTTGCTCTGCCAGCGCCTGTGCCAGCTGCTCGGCGCTAATCAGCCCCTGCATCAGCATTGAACCGCCCAGGCGTAGACCTTCGACGCGATTACGCAGTGCTGTATCGAGTTGTTCTTCAGTGATGACCTGATTTTCCAGCAGAATTTGACCTAACGGGCGCAACGAGCGGGTATCGCCAGTCACGCTGGGGAAGTCATGCGTTGTTTTATCCCACGCCACGCGACGTGGATCGCCGTGTTGAAGTACCTGTTTTAGCGCGCGCCAGTTGGCCATGAAGTTAATCAGGTTGCCCCAGAAAAGACGCAGGACGGAAAGCAGCCCCTGCGTCAGGCCGTAGTAGCCAGTAACGAAAATCACCCGCTGCACGATGCGGTTAACCATCAAACCAAAGTTTAGCCACAGCAGGGTCATTAACCATGCGCTGCCGCTGAAAATAGAAAGGAAATGCCAGGCATCGGGCCACAAACTTTCATACGCCAGCAACAGCAAAAGCTGGATCATCACCAGCATCGCGAGGAAGCTGACAAAGTTACTGATTGCCCCTTTGCGGTCGCGCCAGAGAAAGTAGTTCAGCGTCAGGCTGGAGGTCCATTTATGGGTTTTAAAGCCTTGGAAAACAATGCCGATGATCCAGCGGGATTTTTGTCGAACCGCAGTCGAAAAGGTATCGGGGAAATATTCGCGCACGCAGATCATGTTTGATGTCCGCGCGTGCTGTAAAAATTTACGCTGCTCGCGTTCTTTGGCTTCGTCCACCACCGGAAAACGGACAAAAATTTCCGTCATACCTTTTTCTTTCAGGCGGAAGCCAATGTCGTAATCTTCAGTAAGACTCTGCACGTCGAAAGCAATACCGTCACCGTCAGCTAACAGTGCGGTCACGGCGCGGCGGCTGAAACAGGTGCCGACGCCTGCGCTGGGCACTTGTCCGGCGAGGGCTTCACGCACCGGAACATCTTTGCCATGCAGCTCTGAAAACTCATCAATGTAAGTCATGCTGGTGAAGTGCGTCCATTCGCGTTCGAACGGATACACCGGGATCTGAATCAGATCTTTACGCTCGACCAGATAGTTGAACAGACGCAATTCCATCGGTGAAATCACATCTTCGGCGTCATGCAGAATAAAACCAGCAAAAGCGAAATTGGCGCTACGCTCAAATTGGGTGATGGCGTCCAGCACGTTGTTCAGACAGTCGGCTTTGCTGGTGGGGCCAGGACGCGCGCAGACTACCTTATGCACATTCGGGAAGCGAGCGCACACTTCGTCAACATCACGCTGAGTATCGGGGTCGTTGGGGTAGGTGCCAACAAAGATATGATAGTTTTCGTAGTCGAGCGTGGTCGCCGCCAGCTCGGCCATATTGCCGATGACGCCCGTTTCATTCCACGCCGGAACCATAATCGCTAACGGTTTTTCATCTGGTTTATACAGTTCGCGGTAACTCATTCGCGGGTAGCGGCGATAAACACTCAACTTGCGTTTAATGCGGCGTACCCAGTAGACGACATCAATAAAAAAATCGTCCAGCCCGCTGATGAACATGATGACCGCTAACGTTATCGCGATTACTTTTAAGCCGTAGAGCCAGGTAGCAAAAACATCAAGAAGCCAGTCCACACAAAAACCTTACATTAACGCTGGTTATGTTTAGGGTGGCGTATATTAAGGTTTTTTATGAATTGTGACAGCTTTTTACCATTAATAGGTATGACTATTGCGGCACGTTATTTTTACACTGGTTATAAAAGTTGCCGTTTGCTGAAGGA,no-peak
CTATTTAACCGTCCAGGCGCGGGAATATTGACGGTCGGCAAACAACTCTTGCAGGCCGTTAATTTGCTTCAGGCGCAGCACTTCGTCGCTGTCCATTCCCAGCTCTTTGCCAATTTTATTATCGTCCCATCCCAACTGGCTAAGTTCACGGACGATTTCCGACATGGCGGTGATTTGATGGCGTCCACGAGCGCGATTATGACGAATAGTCGCGGCGATGCGTTGATTACGCGTACCTTCCAGACAGGTCACCGGCAAATAACCTTTTAAGCGTAATTTTAATGATGATGAGCCTTTACCAATTTCATGGCGGTGAAAACCATCCACGATTTCCATGGCATTTTTATCCGTATGTGTGACCACAATGGGTTGGGTAAAACCATCTATTTCAATGGATTTTTGCAGCAGTTTTTTTTCGGGTGGTGCCACGTTGTTTGGGTTGTAATCATTAGGCATAAGTTGGCTGTTTTTAACCCACAGAACGCAATCCACTGGCTCTTCACGAAAGGGGCTAACCTGATGGATCGCCATGCGGATTTCATTAATCGCTTTGATGCGATCATCTTCCGGCAAGCTGGCGAGAAATTGCGTTAAATCCTGCGTTAATCGTTGTTGCATAGTATCCCCCATTCCTGACGTTTTCCTTTTATCCGTTCGTTATAACGCTGATAGTTCTTCGATTTTGTGGGGCTAAATGATAATGCCCGACACCAGTAATCGTTATTGAGTAAAACTTTGCATATCCGCCGCCAGGAGGGGATATCTTTCGCGCCAATGTCCCCTTGCTGGGTTTGTGGAACCTCGATGCCTTTTTTCTGATACCAGTGCAAATAAATGGCGATTTTATTGCGGTAATGCTCAGCTGTTTTTTCCGGCATGCTATTGAGCAGCAATAATGCATATTCTTGCCAGTCTAAATGTTCTGGCTTGAGGATTTTCCGATGCCCATAGAAATGATTGTCATGTCCGGCGTAAATGCCGCCACTTTTTACCCCGCTGACTCGTGCGCACATAGCAGCCCAGCGATCCGGTTCGATAACGTGATAGAGCCATAATCCTTGTCGTTGCTCCGGGCCAAAAGGTTCGCAAATTCGCATATGACGCAGAGGAACGCCTGCCTGATACATTAGGTTATACAGTGGGTTGCAGAGACTTTGATGATTTGCATACCAGGTCCAGATATCAGCCACTTTCCAGTCGTAAATGGGGTAAATGTACCAGCTATGACCGCCTGGTGCGGCCGTAGTCCAGGGTTTATCGTCGGCAAAACGTTGTTTATTTAAACTGGCGATGGCGACAAAACGGTTGTAGGACTCATCCGCACGGATGCCGATCATCATCGCCGCCGGACGTTTTTGTGAAAACCATTCGGCAAACTCACGTACAAATTGTTCGAAGGTCATGCCTGGCTGGTAAAAGCAGAAAAAGTCAGGGTCGGTTATCGCATCTTGGGGAGGTTGACGTACCCATTCGACATCAGGTTCCCAGCACTGCCATTCGGGTTGGTATTGTGAAAGGGAATTTTGCGTCGTAAGCGGGAGCGCAACCCAGTAAAACTCTTCGATGACATCGGTGTACAACTCGCGCAGGGACTGAACATAGTTAATGGTGCAAGAGAATTGCGCCTCCCAGTCGATAAACAAAACGCAGATTTTTTTGCCCATTTGTCGGGCAAGTTCGGCTGTCAGATGCAGCATTAAACCAGAGTCTTTGCCGCCAGAAAATGAGACACAAACGCGGGGTAGGGTGTTGAGTGTCCAGGTAATACGCTCTCGTGCAGCTTCCAGAATATTGAGCGGAAGAGGAATTTTATAAATAGACATCTGAAGACGCTCTCTGAACGTTACAGGGTGATCAGTGAGATAAGTCTGTTAATTATAAAGTAAACACTGTAAAGCAGAGTGTTTTATTTTTCATTCGCGCTGTGAATAAATAGATGAAAGTTATAGTAGCTGTCTGTAGTTATATA,no-peak
AATTTTTCCTGTCTCCAGGCCCCAAAGTAAATAATAAAAAATTCCTAAAGCTTAAGGAAAAAATATGCCCAATAAATTGGCGATGAATGCTGATTAAAATCAAGAAAAACTGCCATTAAGACATTGAAGTTGCTGTTTTTATACATAGATAACAAAACGCATATTTAGCGGTTGGCAATTATCACATAATAATGTGTGCAAATTGATGGTGGATTGATGCAAATTTGTTAATTGCAATGGTGTTAGCTGCGGCTGTGCGCTCAAAAAATAATCTAATATGAGCATAGGTTGACGATATATATTATATACTTCGTTAAGATGATTGTTGTATCTCGTTAAAAAATAAAATAATTTTTCCTTGATTGCATTTTGTCATCAAAAAAGACTTGGTTTTTCTTTTTTGACTATTCCCATCGCAGAAAACGACGCATCATCTTTAATCGATGCGCGGAAATATTTAACTTGAACAAGCGGAAATAAATAGAGCAGCTATTCAGATTATTCTTTATGTTGGGTCTATTAAGGTTATGTTAATTGTAGCTTTGCTATGCTAGTAGTAGATTTTTGATAAATGTTTTATGGTCACAA,no-peak
AACCTTCTCCGTTAACCTGGTATTTGTTGCTTGTTGTGTTTGCTTGTTTAAAAAAATGCCGCAAAGCAGCACTGTGCGCAAGCGATTTGGCGGTGAAAAAATAAAAAACGTAATGGTGATTGTCGATTGGTGAAAAAAGGTCTGGTGTGAGGATATATTTATTGATGAATCGATAATTTTTAGCGGGTTTTATTGAATGTTTATATTTTACGGGGGCCAAATTGCTGACAAAGTGCGATTTGTTCATGCCGGATGCGGCGTGAACGCCTTATCCGGCCTACAAAAGCATGAAAATTCAATATATTGCAGGAGCTGCGTAGGCCTGATAAGCGTAGCGCATCAGGCAGTTTGGCGTTTGTCATCAGAGCCAACCACGTCCGCAGACGTGGTTGCTAT,no-peak
TTTTAAGTTTCGCTATGCCGGATGGGGCGTTTACGTCGCATCCGGCAAGGAACAGACAAACAGTTTCAAACGCTAAATTGCCTGATGCGCTACGCTTATCAGGCCTACATGATCTCTGCAATATATTGAGTTTGCGTGCTTTTGTAGGCCGGATAAGGCGTTCACGCCGCATCCGGCAAGAAACAGCAAACAATCCAAAACGCCGCGTTCAGCGGCGTTTTTTCTGCTTTTCTTCGCGAATTAATTCCGCTTCGCAATTTATCCATAAAATAAATTTAAAATAACAAAACATAATTAAATAAAATGTAACCGCTTTCATCTTGCTGGAATTTCACGCTTTTATTCTTCTGCAAGCCTTTCAACCGCAAACTTAAGCCTTGTAACAAAAATCATCAAAATATGTGCGGTTGCTCATGTTCTTACATTCTGGTTACAGAAAGAGATTGATAATTCGCGTCGCGAAAAATAGTCTGTTCCTGTAGTCAGCGAGACTTTTCTCAACGCTACTTTTTTAATTTTTATTTTTTCGCTGTTCACCTTTGGTGCAGCAATTTATACGTCAAAGAGGATTAACCC,no-peak
TTAAGGTCTCCTTAGCGCCTTATTGCGTAAGACTGCCGGAACTTAAATTTGCCTTCGCACATCAACCTGGCTTTACCCGTTTTTTATTTGGCTCGCCGCTCTGTGAAAGAGGGGAAAACCTGGGTACAGAGCTCTGGGCGCTTGCAGGTAAAGGATCCATTGATGACGAATAAATGGCGAATCAAGTACTTAGCAATCCGAATTATTAAACTTGTCTACCACTAATAACTGTCCCGAATGAATTGGTCAATACTTCCACACTGTTACATAAGTTAATCTTAGGTGAAATACCGACTTCATAACTTTTACGCATTATATGCTTTTCCTGGTAATGTTTGTAACAACTTTGTTGAATGATTGTCAAATTAGATGATTAAAAATTAAATAAATGTTGTTATCGTGACCTGGATCACTGTTCAGGATAAAACCCGACAAACTATATGTAGGTTAATTGTAATGATTTTGTGAACAGCCTATACTGCCGCCAGGTCTCCGGAACACCCTGCAATCCCGAGCCACCCAGCGTTGTAACGTGTCGTTTTCGCATCTGGAAGCAGTGTTTTGCATGACGCGCAGTTATAGAAAGGACGCTGTCTGACCCGCAAGCAGACCGGAGGAAGGAAATCCCGACGTCTCCAGGTAACAGAAAGTTAACCTCTGTGCCCGTAGTCCCCAGGGAATAATAAGAACAGCATGTGGGCGTTATTC,no-peak
ATAGCAATCAAACCGAAGCCACATATGCGCGGCCAGATTGTTGACAAAGGGCGCTTTGTTCATGCCGGATACGGCATGAACGCTTTATTCGGTCTACAAAAGCAGGCAAATTCAATATATTGCAGAGATGATGTAGACACTGGCAAGCGTAGCGCATCAGGTAATTTTGCGTTTATCTTCACTCTCAAGCCACGTATATGTGGCTTTATTTTTAACAAAATAATAACCCTGGGTGAGTTAATTATAATATAATTATAAGTTAACTAAATGTTAATATTGGCGGGGTGGATTTATGCCTTTATTAGTAATCCTGAAACTCTGCGTCGTATTAGCCAGTGACCAAAAAAAGAATTAAGGTCAACCGTGCTGTTTTTGCTTCGTCTCTTTTTATCTTTAATTGCCAACCGAAACTAATTTCAGCCTTATAACTCACACATTTTAAACATAAATGTCACTAAAGTTACCTTATTGAAACATGATTAACATAATTTGTAGGAATTGATATTTATCAATGTATAAGTCTTGGAAATGGGCATCAAAAAGAGATAAATTGTTCTCGATCAAATTGGCTGAAAGGCGGTAATTTAGCTATAAATTGATCACCGTCGAAAAATGCAAATTTGCTTCAACAAAAACCTGTTTATTGTAAGGATTTTGCGGCGTAATATATACGTG,no-peak
ATGTAAAAAAGCGCCCTAAAGGCGCTTTTTTGCTATCTGCGATACTCAAAGATTCGAACCTGCAGCAGGTTTGAGTTGAGCGCAGCGAAACAACGGAGCCGCTCGCGGCGACGGCCCGAAGGGCGAGCGAAGCGAGTCATCCTGCACGACCCACCAATGTAAAAAAGCGCCCTAAAGGCGCTTTTTTGCTATTCAGGCATCCTCAATTTCACTTTGTAAACCTGATGACATCGTCAGAGCTTACTGTGCAAGCAACTCTATGTCGGTGGAATTAGGCGTAAAATGACGCATCCTGCACATTAGGCGTAATTCGAGTGACTTTTCCCCACCATTCGACTATCTTGTTTAGCATATAAAACAAATTACACCGATAACAGCGAATATTACGCTAATGTCGGTTTTAACGTTAAGCCTGTAAAACGAGATGGTAAG,no-peak
TTAAATCAGGTGGCTATAAATGAACTGGGCAATGCTGTCGGTGGTGTTATCACCAATCACAATGTTGGCGCGCGCTTTTACCGCGTCATCGGCGTTGCCCATCGCCACGCCTGTACCAGCGGCTTCCAGCATACTGATATCATTAAAGTTATCGCCGAATGCCACGACGTTTTCCATCGACCAACCTTGCGCCTCAACCCATTTCGTCAAACGTTTACCTTTGCTGTTGCCGCCGCGTGCAATATCAACCTGATCGTGCCAGGACCATTCACACTCCAGTCCCAGTTCATGTTCGACATGCTTACCAAAATGCTGCAATTGCGGCAGGTCATCGTGCGTCAGGGCGAACTTCCATACGGCGTTAACTTGTTGCGCCGTTTCAGCCAGAGAAGCGACTTGTGTGAAAGTCGGACGCTGTTCCGGCGGCAGGGTTTGCGCCCAGTTAGATGTGCGAATGACATGCCCGGTCGGGTGCTCATAGACCATTGCATCATCGACATACATCAGACCGTGAATGTGGTGTTCATTCAGCATCTCAATGAGTTGCAGGGCTTTAATAACGGGCATTGGGTCCGCTTCCAGCACGGTTTTTGCATGATAATCATACAAATAGGTGCCATTACAGCAAATAGCAGGTGTATCCAGCGCCAGCGCCTGATAAAAAGGATGAATAGCGACGTGATGGCGACCTGTGACGATGATTAATTGATAGCCTGCTTCGCGAGCGCGGGCCAGGGCTTCTATCGATGAAGGAAGCAGGGTCTTTTTCGGGGTCAATAAGGTGCCGTCTAAGTCGAGAGCAATCACGCGTGTGGTCATGGCGTATTCCAGATTAAGGTTAAGAATTTTCGTCTGCGCGAATGGTACACCGATACCACTATCGGACAAAATTCTGCGTTTTAATTCAGCATTCACCGCCAAAAGCGACTAATTTTAGCTGTTACAGTCAGTTGCTAAATGCAAAGGAGCATTC,no-peak
CCATTCTGTATTTGGTTAAATTGCGAGCGAGATCGCGTCTTCGATTGACTGCAATTTAACCAATTAAATTCTAAAATAATCACGAAAAAAATTTTACTTCCGCCTCATGCGGCGAATGTGGGAATTGCCCAGGCGGCGGGGGATAGGGGCTGGAGACAGTTATCCACTATTCCTGTGGATAACCATGTGTATTAGAGTTAGAAAACACGAGGCAAGCGAGAGAATACGCGGCTTGCACGCGAATTGGCGTTAAAGACGGCTCAAAGAAATATCTTTTATTTTTTAACTGGTTAGATAAATGCAATGGCAGTCACTGAACAGGCATCTCTTGCCATAAAACTGTCATCACTCATCTTGACAAATGTTAAAAAAGCCGTTGCTTTGGGGATAACCCGGTAAGGCCGGAGTTTTATCTCGCCACAGAGTAAATTTTGCTCATGATTGACAGCGGAGTTTACGCTGTATCAGAAATATTATGGTGATGAACTGTTTTTTTATCCAGTATAATTTGTTGGCATAATTAAGTACGACGAGTAAAATTACATACCTGCCCGCCCAACTCCTTCAGGTAGCGACTC,no-peak
ATAGTTTCCTGGAGTCAGATTATCCGCGCTACAGTAGCGCAAATTGCGGGGAAACAGCAATTAACCTGCCAATATTGAGGATACAAACTATTTTCTTCTACCTCTAAAGGACGATGCACGCTATGCCTCCCTGATGATGTATATCAAAGTAAAACCGCCATTTTCCCTTATTCTGTAGCGAAATAGCACGATCATGACGCTATATACATGATTACATAGCGAAAGTGTGGATGGTAAAAATCTCATTTACACGCTAGTATCGGCATAACCACTAAACACTCTAGCCTCTGCACCTGGGTCAACTGATACGGTGCTTTGGCCGTGACAATGCTCGTAAAGATTGCCACCAGGGCGAAGGAAGAAATGACTTCGCCTCCCGTATCTGGAAAGGTGTAC,no-peak
AGCATTTCCTTTTTTCTATCCACGGGACGATCCCCTGCGTGACATTCACATATATGAAAAAATCGTGCCAGTTTTGCAACTCCTTGATTTTTCGAGATGCGGCAAAAACGTGATGCACGATTTATAGGGCAATACCCTGAAGATGCACCATTCTGGGGCACCAATCTGGTGCGCTAAAATTGTGCACTCAACACAGTGATTATTTAGCGTAAAACCTGATGAAAAAACAATCTTTATGTAACGATTGTGTGATGATGTGGATACAAAAAATTTACTTAATCAGCTGGAGATAGCAGATGGATGCACTAAATAAGTGCGTTGAGGTGGGCTGCAAAACAAAACGGCCTCCTGTCAGGAAGCCGCTTTTATCGGGTACTAAAGTTCTGCACCATCAGCGATGGAT,no-peak
GAAAACCCAGTCCTTGCAAAGATGAAGTCGAAATGCGCGATGACACACTACTGAAAGCGGAAGGACGAGTAAAGTTGCAATTAAAAGGAAATGTTATGCATAAGGAGCAGTAGAGTATTCGTTTTCATTTAAAGATATTCTTGCGCTTTAATTACAAACTGCACCGATGTTGGTGGCGTCAAAATCGCCGAGGCGTTCCCTGAAGGCCGGGGCAGCCCACATGGATGTGGGCTGAGGGCGCGTTTTACAGGGATGTTACCTCGCGCCCGACCCGGTAGCCGTAAGGGATAAGTCGAGGGCACCGCGCAGCGGCGATTTTGTTCGCCAGAGCCCGGGGGTGCAGGGGGCGGCGGCGATTGGCCGCCCCCTGCGCGCTCCTTGCGCCAGTGGCAATATGTTGCTTAGCTCATGAAAGGAGCGCAACAAGATGATGAATCAACATATAACAACATCTTAAAAAAAGGCCTGACATTACGCCAGGCCTTCTGCGTTAA,no-peak
ATCCACCACAATTAAAAATTGACCCTGTGAAAAATATGGTCGTTTTATAGGGTCGTCGTAAAAAAGTGACGACGGAAATAATGCGCGGCTATTTTAAAAACGAAGGCGAGTCATTCACCAGATAAATAAATCCAGTAAATTTGATTTAGGGCAACAGCGGGTTGCCCCATATAGTCATTTGTCTGATTGACAGTGTAGTGCACGCAAAAGATTTAATCCTTTAGGCGTAATAAAAAATAATTTATCATGCTAATTATTTGATTTTGTTGTTTTTGCAGACTTATCAGCAAGAGGGAGTATAACGCGATTATTCGCTCATTTTTCAGACATTTGCCATGCTTAAATGTGATGTCATCACGTATTAGCAAGGCCTTTCCCGTTATACTGCCAGCGTAAAGGATAAGTCACATATTTCTGGAGGGGAT,no-peak
TTAAATCTCCTCCTGACGATGGGCCAGTAATGTGGCGAATGGGCCACCAGCCACACTTAATTCCGCGTAACGTCCTTGCTCAATAATCCGGCCATCCTGCATAACCCAAATGACATCCCAGTCAGCAAGATCTTCTAACTGGTGGGTGACCATTAACGTTGTCTGGCGCAGAGAGGCGGCATTCAGCGCCTCCATTACGCGCTGTTCACTGTGAGCATCAAGGCTGGCAGCGGGTTCATCCAACAGTAATAGCGAACAGGGATTTAGTAACGCACGGGCCACCGCCACGCGCTGCGCCTGCCCCACGGAAAGGCGGGCAGCCTGGTCGCCAACAGGCGTATCAACGCCTTGTGGGAGGAGCGGTAGAAACTCGCTGACCCAGGCGTTATCCAGCGCTGCTTGTAATTCTTGTTCGCTGGCATCAGGTCGCGCCAGTAGTACGTTATCCCGCAATGTTGCTGCCGGTAATTGTGGGTTTTGCCCAACCCAGGAGAGATGTTTACGCCATGATTCTGGTGATAAATCGCGTAATTCTATCCCGTTGATTCGTAGCGATCCCTGATATGAGAGAAAACCAGAAAGCGCGTTCAGCAGTGAGCTTTTACCTGAACCGCTGCGACCAACCAACACCGCACGTTGGCCTGCTGGCAAAGTAAAGTTCAGCGGTCCGGCCAGCGTTTTACCTTCCGGCGACGTGATAAACAGCTCCTCGGCCTCAATGGTCACCGGATCGGTCGATGCTAATTCCGCCTCACCACGTTGCGGATGGGCGAGCGGGGTTTCCATAAACGTTTTCAGACTGTCAGCTGCGCCAACAGCCTGGGCTTTAGCATGATAAAACGTACCGAGATCGCGTAATGGCTGGAAAAACTCTGGCGCAAGGATCAGGGCCAGAAAACCCGCAGCCAGCGTCACACCGGTATCGTAGTGACCAAAATCCAGCTCGCCGAGATAGGAAAAACCAAAGTAGACCGCCACCAGAGCAATTGACAGCGAGGTAAAAAATTCGAGAATGCCGGAGGATAAAAACGCCAGCCGTAGCACTTCCATTGTCCGTTGGCGGAAATCTTCCGAAGCAGAACGAATACTTTCAATTTCAGCTTCACCACGACCAAAAATACGCAATGTTTCCATGCCGCGCAGGCGATCGAGGAAATGCCCACTTAAGCGAGCAAGAGCGAGAAAGTTACGTCGGTTAGCATCGGCAGCCCCCATTCCAACCAGCGCCATAAACAACGGAATTAACGGTGCAGTGCCCAGCAGAATGAGCGCCGCAGCCCAGTTAGAGGGGAAGATTGCCACCACAATCAGCAACGGCACCGACACTGCCAGCGCCATTTGCGGCAGATAGCGTGCATAGTAATCATGCATATCGTCAATTTGCTCGAGTACCAGCGTCGCCCAGCTCCCCGCAGGTTTACCCTGAATCCACGCTGGCCCTGCTTGTTGCAGACGGTCGAGAACCTGACGGCGGATGGCAAAGCGGATATGCTGCCCGGCGTGATAACCCACCCGTTCGCGTAACCAGACCACCCATGCGCGCAGTACAAAGGTCAGAACCAGTAACGTAAAGGGAAGCAGCAGGGCTTCACGGGGAATATTCTCCATAATCATATGTTGCAGAATTCGCGCCATGAACCAGGCCTGGGCAATGATCAATATGCCGCTCACAAAGCCCAGCAGACGAGAAATATTCAGCCAACGTTGGGAGATGACGCTTTGCTGTTTTAACCAGCGGGTTAACTCTTTTTGACGAGATTTATTCATTGCACGCTTAGCAGGTGAGTTATCAGAATTATTTGCAGAGCAATGTTACAACGGGGAAAAAATAAAGGCGACCCATAGTCGCATGGTGTCGCCTTCTTTACTTTTGTTACTGATTTGTAAAA,no-peak
GAGATCCCCATAGTTGTTGGCAGACAATGGGCAGGATTGTAGGGAATTTACAGACGTAAAAAAAGAGTATGACGATTTTGTTAACAATTTGTGCAATCGGCAGCATCGATAAGCAGGTCAAATTCTCCCGTCATTATCACCTCTGCTACTTAAATTTCCCGCTTTATAAGCCGATTAAATGATGAATAAACGCCCCTGTTAATGAATATCTGGCATGTTGTACTAAAAATCGATGTTTTGCTTTGACAATCCCCTGGTGTTTTGCGAAAACATTCGAGGAAGAAAAAAAACAGTATTCTTATATGCGCATAACCATGCATGTAAATACCATGTTTACCGTGCTAGTGAAATCTACGTATGGCGTGGACAGACGCCATTCGTGATGTCGATAGCTGCCACAAGGCAACGGTCTTCTCACCGTAGACCCAGGCATTGCGCGCCGTGAATCTTCATGATTTCGGTCTATCGTGACGGGTAGCGACTCTGAACAGTGATGTTTCAGGGTCAGACAGGAGTAGGGAAGGAATACAGAGAGACAATAATA,no-peak
TTATTGTGGTCGGTGACGCTGACTCTGGCAGATCTGACCCGTTTTTACATAATCGAGAAATGCGCGCAAGCCGCAGGACATATACTGGCGGTTTGGATAATAGATCTGGAAGCCTGGACGCTCTGTGCTCCAGTCTTCCAGTACACATTCTAAACGACCAGTATCAAGGTACTCCTTGATCTGTTCATAGAGCAGATACCCGATACCAGCACCCATCAAAACGGCCTCCAGTTCAGCATCAACATCATCCAGAATGATATTTCCTGCGACAGCAATTTCCAGCTCCTTTGCAAATTGCCAGTGGAAAGGTTTGCCGCTGGGATAACGAAAAACAACACATTGATGATTAAGCAGATCATGAGGATGGCGGGGTTTGCCATATCTTGCAAAGTACTCTGGCGTTGCTGCTACACATAATTTCACTGGCGGGCCGATCGCCACGCTGATCATATCTTTTTCGACGATGCAACTAAGTCGAACGCCAGCGTCAAAGCCCTGTTGGACGATATCGACAAGAGAGTCGTCAGTTGTGAGCTCGACTTTAATATCAGGATATTCACGTGTGAAACCAACCAGTAAAGACATTAAAAATATACGTGCAGCTACCCGGGCGGCATTGATTTTGAGCGTTCCTGTCGGTGTCAGACGAAAATCATTCATCTCATCTAACATGATCTGAATTTCGTCGAAAGCTGGGCGCAATCGTTCATAGAGATTAGAACCCGCTTCCGTTAACGATACGCTTCGGGTTGTCCGATTGAATAAGCGAATTTTAAGACGTTGTTCCAGTGTTTTAATACTATGGCTAATGGCGGACGAGGATAAGCCTAACTCATCGCCCGCTGCACGAAAGCTTTGATTACGGGCCACGGCAAAGAAAGTGGCAAAGTCAGACATATTCATCCGCATTAGTGAAAATCCTTCATTAACTCATCCTGAATCATCACGTTTACAGGATTATGCCGCCTGCGTAAAGTGCGCTCCAGAACTTAACGTGGAGGTAAAATT,no-peak
ACTAACTCTCTCTTTATTAAGTCGGCGACGAGATACTAACAAAGCATTATAGATGAGAAATTGATATAGATCATATCTCGCCTGGCTTATAGGCCCGTAACTCGCATGGTTTTTATGCAAATACGGAGTAAATATTTGATTATCCAAATAAAAATAAATTTTAAAAATTAACAAATGAGTTGAATTTTTTCCGCATCCTCCGCTAAAACAGTTAATTAAAAGGGAGCATCAGGCGAATAAAGTAACAATATCGATCGTATTTATTAAATACAAATTACCGATATTTAACCTTATAATTACAATTATTTTATTAATGCAAATATATGTAAAGCGGGGCATTAAAAAAACGCCCCGTAATATAACTCAGACTAATCATTAAGCCTACATTGCGTAGGCTATTTGATT,no-peak
TATTTATTACCCTCATGGTTTTTTTTATGACACCTGCCACTGCCGTCAATAAGTTCTGTCAATAAAAATTTACGGAACTATTGATGAGAGTTTGGTGTCTTTATGTGTCTGCAGGCATCTTTCCATTCAAACTAACGTTTCGCTACCGTGAAAGTGCTACAAAGATAAAGATTTGGTTTCAAAAAGAAAAAATATGTAACCAAAAGTAAAATTTAAGGAACTTTGTGAACACCGTCATATTTCCATAGAGACGTGATGATATTTACAGCAATTTTAATCTATTTATATGATTTCCTTATATTTAAATTAACTAAACGGAAATTTTGTTTCTGATGGAAACTTTATCGACCTGGCACAAAATCTTCTTTCAGACATCCAGAATGCCAAAAAATAGTATGAAAATTGTGCTATTAGCTAAGAAAAAACTAATCCGCAATAAGAATGCGGATTAGTTTTTGCGCGTAAATGTTGCAATGTAATATTCCGTAACAGGATGATCGTTATGGCGGGGTTGCAAATAGATTGCTTGACTTAACAAACAGATAACTTGACAGAAAAGATAAAAAAAGAGCCAGCGGGCGCTGGCTCTTGAAGACGCTAAA,no-peak
GGAATGACGCGCACTATAAACATCCCGATGCGGCGTGTAAACCCCTAATTTGTTTGTTTGCCTGAAAAACAGCCAAAAGTGCATTGATAGCGTGAAATAACAGCAGATTGATCATTTCATCACCATGAATTCCTTCTCTTTTACTCGTTTAGCAACCGGCTAAACATCCCCACCGCCCGGCCAAAAGAAAAATAGGTCCATTTTTATCGCTAAAAGATAAATCCACACAGTTTGTATTGTTTTGTGCAAAAGTTTCACTACGCTTTATTAACAATACTTTCTGGCGACGTGCGCCAGTGCAGAAGGATGAGCTTTCGTTTTCAGCATCTCACGTGAAGCGATGGTTTGCCTTGCTACAGGGACGTCGCTTGCCGACCATAAGCGCCCGGTGTCCTGCCGGTGTCGCAAGGAGGAGAGACGTGCGAT,no-peak
GTTGGAGTCATTACCGACAATACGTACGCTTGAGATCAGGATTGTCTACTTTGAGTATAACATCCTTGTGAAATCTCCCTTTCCTCATACCGCTTGCACTATATACTGCGGGTAGGAAAGGCGCGCAGAGGGAAATATAAGATTGTTAACTATCCCCCTCTGGAAATACGACTTGTGAGCATAAGATAAATCTTAGCAAAATACAAATTAAAGATAAGGAAATTGTTACGAAAGCTATTAATTATTGTTGGTAATATAGTTTCAAGTGGTACTATAACTGGCTGTTAAATGGCATTTATAACTATTAGGTGCAGAGATATTCGCTTAAATGGATTAGTTTCTTTGTGGAAAAGTAACTGATGTTATAATGTATGATGTTGACTATTTCACTATTCCAATAAAACCAGTCAGCTTTAAACAAGCAGCGTCATA,no-peak
GCCATTACTCCTGTTGTTCAGAAAGGTGCAACTTAACGTTATCGTGAAATATCCATGATGTTGCAACTTTGTGCAACCATGTTAAATGTGACATGCGTAGCAAGCTTAAAAATGAATGAAATGTTAATAAAAGAAATCGATATGACAGGGATTAAAAAAATAACTCAGACTTTTTCTCTGCGGCAGTTAACATTTTTGAAAGGTGCAACCGCAAAAAATGTGAGAGAGTGCAACCTGATGAAAAATAGTGTCGCTGAGCACTAAAATTTAATGTAAATGGTGTGTTAAATCGATTGTGAATAACCAGCGCTTCCGGCAGGATACGGTCGCCCTGGTAAAACATAAACTCTGTTACCCCGTTCCGGTGGCAGATATAACGGCAAGTTTCGACATTGCCGATAATAATTTTTTGGAGACTTTAG,no-peak
GGGACTTAGCCTGCGGCGGTTTTGTTTGGCTTCAGCAGCGGGTTGCGCTCCCTTAATGTGCCTCGCCATATAAATTGAATGGTGCAGGGAGCGCGCAGGGGGCGGCCAATCGCCGCCGCCCCCTGCTGTCCCGGCCTTCGGGGAACGCTTCAGCGATTTTGACGCCACCAACACCCGAGCTGTTATTATGTTCCGGGCAAAAAGTTAGATTTGATAATCGCGGATGGACGAAATTGCTTGATACACCCGCTTATCAGTTTTACATGGAAGCTCTGATGCATTGAGTCTGGACAGTTTTGTCGGCTGGATACGGCGTTTACGCGGCATCCGGCAAGAACACATGGTTCTTTGCAAACAATCCCATCTTTCTACCCTGGAATAATCGTTTATATCCCTTGGCATTACCTCTCTTTGTTTACATTCCAACATCATTTTATAAACATTCCGCTTGTGTTTTTCTTTGCCGTAATGATAATCGCTATCACTGCGATTTACTTTTCTTTGCATAGATTGACTCAGAAAAACGTTTAAGGGTGGGTGGC,no-peak
CCTGTATTACTCCATGTATTGCCAAAATCTCTCTCTGTATCTAATTACAGGTAACTGAAAAGAAAGATATTTTTGCACCTCATAATCCGTTATTAAACGCGGAAGAGAGACGTGAATTGTTGATGATGAGAAGAAGAAATGATGAGCAGAGTGTCCATATAAAATCCTTTTCTCGCCCGAAAATCCATTCCAATGATGAGGATCTTCAGGAATACGGCATAAATCCCAATGCCTTTTTCAAAATAAATTAGGATTAAAATAATTAAATCAGTAAATTCCGATGCATGATTTCGGATTTTTCGAAAGTCCTGATGAAAGGCTGCGCTACGGCACTCACGGATTTAATTGTTATTCCTAATGTATCTATGAATTAATGTTTTATAAGGATTTTCTATAACCATTTATAAGTATTTTCAAGCCTGGCTTGTTGCAAACAATGTATAAAGCACTTAGGCAATAATAATTACATTCAGCAACTATCATCATCGGTATTGTTTGTGGGCGGAATTTCATATTGACAACAGTACAGTTCTTATATCTATTAATAATAGAAAGGGATCTACAACCTACAGATTGGTGTAGCTTT,no-peak
GGAAGTGATAGGAAGTGACCAGATAATACATATATGTTCTGTACTCTCTTGCGCATTTTGATTGTTGACTGAGTAACCAGACAGTTGATGTGCACGATTTCCCCTCGCCCTAACAGACGTGGGCGGGGGCACCCGGTGTGTGCAATATACGAAAAAAAAGCCCGTACTTTCGTACGAGCTCTTCTTTAAATATGGCGGTGAGGGGGGGATTGACTCGCTTCGCTCGCCCTGCGGGCAGCCCGCTCACTGCGTTCACGGTCTGTCCAACTGGCTGTCGCCAGTTGTCGACCCCCGGTCGGGGCTTCTCATCCCCCCGGTGTGTGCAATACACGAAAAAAAAGCCCGTACTTTCGTACGAGCTCTTCTTTAAATATGGCGGTGAGGGGGGGATTGACTCGCTTCGCTCGCCCTGCGGGCAGCCCGCTCACTGCGTTCACGGTCTGTCCAACTGGCTGTCGCCAGTTGTCGAACCCCGGTCGGGGCTTCTCATCCCCCCGGTGTGTGCAATATACGAAAAAAAAGCCCGTACTTTCGTACGAGCTCTTCTTTAAATATGGCGGTGAGGGGGGGATTGACTCGCTTCGCTCGCCCTGCGGGCAGCCCGCTCACTGCGTTCACGGTCTGTCCAACTGGCTGTCGCCAGTTGTCGAACCCCGGTCGGGGCTTCTCATCCCCCCGGTGTGTGCAATATACGAAAAAAAAGCCCGTACTTTCGTACGAGCTCTTCTTTAAATA,no-peak
GATGAAACCCCGCTTTTTTTATTGATCGCACACCTGACAGCTGCCTCTAAAATAGAAGCACCAGAAGTACTGACAGATGTTGCACTGCTGTGTGTAGTAATAAATCAGCCCTAAATGGGTAAAATATAAAACTAATGGATTACATCTGATTTCAATCTAGCCATTACAAATCTTAAATCAAGTGTTAAACATGTAACTAAATGTAACTCGTTATATTAAAATGTTAACCTTAAGGTTTTATTAAGTTTAGAAATGATAGAAAAGTTGTACATTTGGTTTTTATTGCACAATTTTAAAAAATCATACAAATGGTGATAACTTACTAATAATGCATATAAAAAATATTTCGGTGTAGTCCTTTCGTCATGTAAAACGTTCTTGTTTTTTCTCCACACCTCCGTGGACAATTTTTTACTGCAAAAAGACGAGGTTTGTCACGGCTTGTGCGCAAGACATATCGCAGCAATCAGCGACGGGCAAGAAGAATGACTGTCTGGTGCTTTTTGATAGCGGAAAACGGAGATTTAAAAGAAAACAAAATATTTTTTTGCGTAGATAACAGCGTATTTACGTGGGTTTTAATACTTTGGTATGAACTAAAAAAGAAAAATACAACGCGCGGGTGAGTTATTAAAAATATTTCCGCAGACATACTTTCCATCGTAACGCAGCGTTAACAAAATACAGGTTGCGTTAACAACCAAGTTGAAATGATTTAATTTCTTAAATGTACGACCAGGTCCAGGGTGACAAC,no-peak
ATATGGTTAACTAATCTCGGATTTTTCGTCTTATCCCTGTCGGGTTATGCCTTTAGGCTTGTTGCCATAGTGACACCGACCTGACCGCGCCAGGCGCAGGCTTCAAGGTTTTTATGCATAGCATCATCGCTACCACTAACCAGAATGGAAGCGTCTGTAAGACGGTTGATAAATAAATTTGCTGGCAAACCCTACACGAAGTCGATGCTTCTGTCTTTAGGAGAAGCACGGAAAGTGAAAACGGTTGCAATCAGGTGCTTAATCCATGAGCCAGCGTGCTGAACGATACCGGGATTCTGTTGTCGGAATGGCTGGTTATCCATTAAAATAGATCGGATCGATATAAGCACACAAAGGGGGAAGTGCTTACTAATTATGAAACATAAACTACAA,no-peak
TTAACGTTCATCCCACTCATCAGCTGCTGCGCGTCCTTCCTCGGTATCCAGCGGTGGCTCAAGCTGAAATTCCCCCTCGTCCCATTCATGTAATGTATTCTCTTCCTGCCACTCCTGGCGTATCTCTATCTCATCATAGTCGCCATCAAAAACACTTTGCGCGGCTTCACCGCTAAGCATAGGTAAACATTCACCTTCTTCCCCTTCGTCGGCAAAAAACTCAACTTGCCACATGATGTCGCCGTCCTGCAAAACGTATTTTTGGGCATTGAACTGTTGCACATTCGCATCTTCGGCGTCGATGCCGGGGTTGTCTGCAAGAAATTCTTCGCGTGCAGCGTCAATGGCTTCTTCAAGCGTTGCGTACATGGTCATCACGATTCTCCCTTTGAGTTGATGAGGTTTCAGGGAAAAGGATAGCTGATTCTCCGCTTTTGCAAGTATGAAAGGCGAAAAA,no-peak
ATGCCCTCGTCGCATCAGGTAACCTTGCCGGTACCTGATGCGCTCCGAATTCTGTGGGTCGGATAAGGCGTCCACGCCGCATCCGACAGTCGAGCATCAATGCCTGATGCGCTTCTTATCAGGCCTACCGAACGCCCTGCATACACCCCTCACTCTATATCACTCTCACAAATTCGCTCAAATAATAAACAATAAACTCTGTTTTTTGATCTCACCCGGTAAAGTCGCCTATCTTTTCAGCAACAAAACTTGATTAACATCAATTTTGGTATGACCAATGCACCATTCATGTTATTCTCAATAGCGAAGAACATTTTCATTGCTGTAACCTGTTGTTAATTAAGAGCTATGTTAATAACCATTAATTAACAATTGGTTAATAAATTTAAGGGGGTCACG,no-peak
TGCCGTAGTTTGTTAAATTTATTAACGGGAGCGTAACGCTCCCGTTGTTTTTTGTTAGGCTGCTAACGGTTATCAAAATTTTATCAAAAAAAGTTATCAAAACCCCTCGGTAGTTTTGGGGTAGGCTGGCCGGTCAGGTGGTAGTTCTACTACTAGTCTCCCACATAGATATTCCTTAGCTTTTTATTATTGCTGGCGGACGCTCGTTAATATTTAAGGTCTTCATTGATTAAGACATCCCCAAAGTTAGTTATGTATTCACTGTTATTAGGACAATTATGAATTACCACTCCTTACACCCGCTCAAATATTGTTAAATTGCCGGTTTTGTATCAACTACTCACCCGGGACTCGCCAGGGGACAGCCAACAGGCATTGGGTGCAATCACCTTAGCGTTCAGGTACATGCGGAATGTAAAAAAGGCCGCGAGCGCGGCCCCTTCACATACATCTTTAGTACTGAGACTGTTTAACCTAGGGAATTATTATCGTA,no-peak
TCAATTAATGTTATTTTTAGTGAAAAATTCTTTTATTTTATCGTCCGGGATTTTTCCGACTTGACTTTCAGTTCTGGGCTTAACTGTCAAAGCAAAGATAATACCACTCACTGAGAATGATAAAATTACAAAAAAGAATAAAGACAGCAAAGAACCTTCAACATGAAAAATATCCATTTGTTTGCAAAAAAAGATTATTAGGAAGGAAATTAATGCAATTATCGAAAATTCAAAAAATATCCAAAAATAGTATACTTTATTCCAGAAGAGTTCAATATAATGTTTGTCTTCAATTTTTCTTACTTCAGGGTAATATAGATTGCTCATTACATTGTGAGCTTCATCTTTATTTAATTTTCTGTTGACTCCAGCTCTCCGTGATAACGGTTTTATAATTAGATGCTTATCCCAAAGATATCGCACCCGAAGTAGTTTGGCTGCATTGTTATGTAGGTCTAACGCACCGCTAATTAAATATGCAAAAATCGCAAAAGCACAAGGTAATATACCAAAAGATAGTGCCCAATTAATAAAGCTCTCATGATCTTTAATAGGTGGGACATACTTGGTTGGTAATGTTATTAAAGGGATGTATTCGTAAATAACTAGAAGTATGCAATATATTAGCGTATTTAAGAAAGTTGCTTTATGAAGTTTAGGCAACATTTCATTATAATTTTTGGGGGGTTCGAACATATTATTCACCTGAGTCACGCTTTAGGATAGTGTAATGGTAATATTTAATTAAGTGTCATTATATACTTTTCAGTAGGTTAGTTACAATTTTTTGTATCTGTTCAGGCTGACCTAGCTTCGCTGACAGACAATATTGTGATCAGTAGCACGTATCGAGGAGGAGTAGCGCTACAAATTTGACGCTGGGTGAGAATCTGAAATTGATAGAAATGAAATAATGAAATAATGAAATGATGAAATGATGAAATGATGAAATGATGAAATGATGAAATGATGACAGAGTGTCCAGTGGGCACGGATGGTGTCTTACGACATGCTTACCTTAATCGTTCCCAGTGTGCCTATAGCAGATATTCTAAACATGTCGATAATTCATTACGCATATAGTATCGAACATAGAAAAAACTGAAGATTCATCTTATTTTGTATATACTACCTAGCCCAACAATGTAGAGGTTAACGAAAA,no-peak
ATGCGATCACCTTATTACTACACTAACTGCTTAGTCTCAGCATATCGACCCTGCACGGTCGGTTAGTTTCTCCACAAAACAGAGAAGAGCACCTGTGGCCACAGCTATCAGGATGGGTCGGGTTATTAACCCGTCATCCGGGGATACTCTTCTCTGTTTTGTAAAAAGGGCGGTACCAGAAAGGACTAAGGAAAAAACTGGTACCGCCAAGACTACACACAGCATAAAGTTGTGGTGTCGGGTGCCCCCGGTGCCTGGCGAAGGTTGCACACCAGGCGGGTGGGTATCCACAGAAGGTCGATTGTCAGCCTCAACCTTAACCCGCGTGCGCTGAGCCGCATTCACCACAACGCTAAGGATTCTCTCTGGTTGAAAATACTTAGCTGTTATGTGCCTGTCTTTTCACCACTTCAGGCTCGGTGGTATGCTGGAGTTCTCACACAGCCAGCAAGCAAGGAAACTTA,no-peak
GATGGTTCATCACCCCACTGTGCCGTGGTGGATGAATATCACGAGCACGCCACAGATGCGCTTTACACCACGATGCTTACCGGGATGGGGGCGCGACGCCAGCCACTGATGTGGGCCATTACCACCGCCGGGTACAACATTGAGGGGCCGTGCTACGACAAACGGCGGGAAGTCATCGAGATGCTCAACGGCTCGGTGCCAAACGATGAACTGTTCGGGATCATCTATACCGTTGATGAAGGTGACGACTGGACCGACCCGCAGGTGCTGGAAAAAGCCAATCCAAATATTGGCGTGTCGGTTTATCGCGAATTTTTGTTAAGTCAGCAGCAGCGTGCGAAAAATAACGCCCGTCTGGCAAACGTCTTTAAAACAAAACACCTCAATATCTGGGCGTCGGCGCGTTCGGCGTATTTCAACCTGGTGAGCTGGCAGAGCTGCGAGGATAAATCACTGACCCTTGAGCAGTTCGAGGGGCAGCCGTGCATTCTGGCCTTTGACCTGGCGCGTAAGCTGGATATGAACAGCATGGCGCGACTTTATACCCGCGAGATTGACGGTAAAACGCATTACTACAGTGTGGCCCCGCGTTTCTGGGTACCGTATGACACGGTGTACAGCGTCGAGAAAAATGAAGATCGCCGGACAGCCGAACGCTTTCAGAAATGGGTGGAAATGGGCGTTCTGACCGTTACCGATGGTGCGGAGGTGGATTATCGCTACATCCTCGAAGAGGCCAAAGCGGCGAACAAAATCAGCCCGGTCAGTGAGTCACCCATCGACCCCTTCGGGGCGACCGGGCTGTCACATGACCTTGCTGATGAAGACCTGAACCCCGTCACCATCATTCAGAACTACACCAACATGTCCGATCCGATGAAAGAGCTGGAAGCGGCGATTGAATCGGGGCGCTTTCATCATGACGGCAATCCCATCATGACCTGGTGTATCGGCAACGTGGTCGGCAAAACCATTCCGGGTAACGATGATGTGGTGAAGCCCGTCAAGGAGCAGGCGGAAAACAAAATCGATGGTGCAGTTGCGCTGATTATGGCGGTTGGCAGAGCCATGCTGTACGAGAAAGAAGACACGCTGTCTGATCACATTGAGTCCTACGGGATCCGCTCGCTTTAACTGAGGTAATT,no-peak
CGCTGGGAAGGTGTCAGCGATGGCCTGAAGGTGACCGCCGGGAGTGTTATTCAGCGCGATGACCTGGTGCAGTACACGACAACTGACGATGCAACCAGCTCCGGTGGTGTCCTGCGCGTGCCGATCGCCTGCTCAAGTGCAGGTGCGGTCGGTAACGCTGACGACGGTACGGCATTAATCCTGGTCACGCCGGTGAATGGTCTGCCGTCTTCCGGTGTGGCTGACACCCTGACAGGCGGATTTGATACTGAAGAGCTGGAAACGTGGCGCGCCCGCGTCATTGAGCGGTATTACTGGACGCCGCAGGGCGGGGCTGACGGGGACTATGTCGTCTGGGCTAAAGAAGTGCCCGGCATTACCCGCGCATGGACATACCGTCACTTGATGGGAACGGGAACTGTCGGTGTGATGATTGCCAGCAGTGACCTGATTAATCCCATTCCGGAAGAATCAACGGAAACGGCGGCAAGACAACATATCGGGCCACTGGCCCCGGTGGCAGGCTCTGATTTGTATGTGTTCAGGCCGGTGGCACATACGGTGGATTTTCATATCCGCGTGACGCCGGACACACCAGAAATACGGGCTGCCATTACCGCGGAGTTGCGTTCGTTCCTGCTGCGTGATGGTTATCCGCAGGGAGAACTCAAGGTATCGCGTATCAGTGAGGCGATTTCCGGTGCGAACGGGGAATACAGCCATCAGTTGCTTGCACCGGTGGACAATATCTCCATTGCGAAAAACGAACTGGCGGTACTGGGGACGATTTCATGGACGTGACAAACGATGATTACATCCGCCTGTTATCGGCACTGTTGCCGCCCGGTCCGGTGTGGTCAGCCAGCGATCCGGCGATTGCCGGTGCGGCACCGTCATTAACCCGTGTTCATCAGCGTGCGGATGCCCTGATGCGGGAGCTGGATCCGCGCACCACCACTGAACTGATAAACCGCTGGGAGCGTCTGTGCGGTCTGCCGGATGAATGTATTCCGGCGGGAACGCAGACCCTTCGCCAGCGTCAGCAACGGCTGGATGCGAAGGTTAACCTGGCGGGCGGCATCAACGAGGATTTTTATCTTGCACAGCTTGCTGCCCTGGGCAGACCAGATGCCACCATCACGCGATACGACAAAAGCACTTTCACCTGCTCATCGGCCTGTACTGACGCGGTGAATGCGCCGGAATGGCGGTATTACTGGCAGGTCAACATGCCAGCCACCACCAACTCCACCTGGATGACATGTGGCGATCCCTGTGATTCCGCACTGCGTATCTGGGGTGACACCGTTGTCGAGTGTGTGCTTAACAAACTCTGCCCGTCGCATACCTACGTAATTTTTAAATATCCGGAGTAATCC,no-peak
TTGTTATGTCTTATCCCACGGTATTTAATATGGTTCATTAGGATGTTTATTTCTTGATTTTGCATATGAGTATATTACCCCCCCCTCAAAAAAATAAATTAATTAAAATGATGGCTTATATAAAATAAAATTTAAAGCAAGGAATCTCAATGGATGTTAAACAAAATGAGATTTTGTGAAAGCAATAAATTATTGACTTCGTTTTAGATTTGTTTAGCTATAATGTTATACATTCAAATGACTGAACATCCTGTAATTAAAACATAGCCTTTATGCTACTTTGTGCCAATTTGCTAAACATTATGGTTGCCTTTTTATATAACGATAATAATGAATATAAGCATGACATGAGAATAAGGTTTCAATTTTTGAGTTATATAGGAATGATTTAACCTGTTCCTGGCTAAAATACATATAACCGGATGATGACTAAACCAAAATACATGTGCGTTAAGTATTGAAACGGACGTGTGGCACGGCCGTTGTTTTTATAAATATGTTAACCGTTATAAAATAACGTATCAAAAGTCAAGTGATCACATTTCAAATATCAAGTTGATAGTATTAGTCTGGTGATTATTTATGGGTGACAATAAAAAGACAGTATTAATCATCCATAGAGATAGTCTCTGCACTTTTATTTCCATTATGCTAATGCCTTACTGAATTATGAAGCATTTCTTAAGTATCCAACTTTAG,no-peak
TCTTTCAGTTTCTCACTGTCAGTATGCGGCTGAATGGGTTGCTGGCAGTGAACGCCTGGATCATTGAAGGAAAGGCATTATTGCGCAAATAGTTGTCAACCCTGGTGTTATCACGGTTGTTTTTATATATCACCGAAATAATCCTCATCGCAACTATTAACAATTTTGATGTCGAAGAGTTATTTGTTAAACAAAATCGTCACCTCAAAGTGATCAATGTCATGAAAATAAGGTGAAAAATGATAATGCCGACTTATTTATCATTTATATATTGTCGCTGTTTATCTATTTAAATTTTTTGTGCTTTTGTTTTTGTCTTTACCCTCCGTTTTGGTAATCTGAGCTCATAGGTTATTTGACCAGGAATGTTTGTTAATCCAATGAATGGATGGTTAATCT,no-peak
CCTGGCCTTACTCAATTAGCTATTAATCATCGCCAGCGCGCGATGATGTTCCGAAGACTATAAGGCATGTTATAGTCTGGATTATATTGAGGCAAGTCACCCTCCCATTTATTCAGAGTAAAAGTCTATTCTGTGATAAATGGCGCTGATTCATAGCTTAAAAAATACCCTTGTCAATCAACCCATTGCCGTCGTACTTTTGATTGTTCTTATTTACGCTTCCTTTTTCCGCACCCTAATCGTGACAGCATCTCCAGACCTGTTTAAATATCCAGTATTGAGGCAAGTGTATTTTTTCACCACGCCAGGCTTTCTTAACTTTCCATTTTTTGCGGCATCATTAAAGAACAGATACCCGTTATCTTAATATCCGCCACAGAATTGCTCTATCATAGAAACCGCAGAAGACGTCTGATACTTCTGTCAGGTCATCGTAACTCGTCCAGGTCAGCGGTTTTGATTACGGATTGATGATGAAATGAGCATAAGTGTTGTACGGTTGGATTATCAGGATGTGCT,no-peak
GCCGGATAAGGCGTTCACGCCGCATCCGGCAGTTGGCGCACAATGCCTGATGCGACGCTTAACGCGTCTTATCATGCCTACAGGTTTGTGCCGAACCGTAGGCCGGATAAGGCGTTCACGCCGCATCCGGCAGTTGGCGCACAATGCCTGATGCGACGCTTGTCGCGTCTTATCATGCCTACAAGTCTGTGCCGAACCGTAGGCCGGATAAGGCGTTCACGCCGCATCCGGCAGTCGGCGCATAATGCCTGATGCGACGCTTGTCGCGTCTTATCATGCCTACAGGTTTGTGCCGAACCGTAGGCCGGATAAGGCGTTCGCGCCGCATCCGGCAGTTGGCGCACAATGCCTGATGCGACGCTTGACGCGTCTTATCAGGCCTACAAGTCTGTGCCGAACCGTAGGCCGTATCCGGCATG,no-peak
CTACCTTACAGCCCCCGCCATCCATGCCGATAACTCCCGTAGCTCTTTTTCCTGTTCCGGGAAGTCAACCAACAGCGCTTCGCACTCCTGTTGCAGCATATCTGCGCGGTACAGGCAGCCTTGCAGTCGTCCGGCGAGGGCTTCCAGCGGCGCGGGGTTGAGGCTGTCGGTAAACACCTGGGCGCGGGTGATATGGCCTTTTTCAACGTCGAAATGCAGTTCCACGCCGCCCCAGGTAAAGCGTTCATCCAGCAGATGCGAGAATGCCGGAGCCTGACCGAAGTTCCATTCCCAGCTACTCTGGCGGGCAAAGGTTTCGGCGAAGTTTGGCAAGTCTGGCGTTTTGTTCGGGGAGATGATTTCCGCTTCCACGCGCTCGCCATAATGGGCGAAAAAGGCCTCGGTTATGGCCTCGCAAACCTGCTCATGGGTGATCCCCGGCAACAGCTCGGTGAGGTTGGTCACGCGGGAACGTACCGACGTAATGCCTTTCGCCGCCAGTTTCTTTTTATCCGGATTGAGATAGTTTGCCAGGCGGCTGAGGTCGGCATTGAGTAGCAAGGTGCCGTGGTGGAAGCCGCGATCTTTGGTTTCGCGATAGGCCGAGCCTGAGACTTTGCGGTCGCCTTCGACGGTTTTCACCACCAGATCGTTACGTCCGGACGCTTCGGCGCTGACGCCGAGCGCGTTCAGCGCATTGAGCACAATCGACGTGGAGATAGTTTTATCGTACTCCGGCTTGCCAGCCATAAAGGTAAAGCAGGTATTGCCGAGATCGTGGAACACCGCGCCGCCACCGCTACTGCGCCGCGCCAGGCGGACGTTATCTTCTTCCATCCGCCGGGTATTACACTCTTTCCACGGGTTCTGCGCGCGACCAATTACTACCGTGTCGGCATTGCGCCAGAGAAACAGAACGCGCTGCGTGGCGGGCATTTGGCGAAAAATACACTCTTCCACCGCCAGGTTAAACCACGGGTCGTAAGAGTCAGAGATGAGCAGGCGTAATGTGGACATAACGATTTCCTTTCTTGTAGTAATGGG,no-peak
CAGGCTAAGAGGGGCCGGACACCCAATAAAACTACGCTTCGTTGACATATATCAAGTTCAATTGTAGCACGTTAACAGTTTGATGAAATCATCGTATCTAAATGCTAGCTTTCGTCACATTATTTTAATAATCCAACTAGTTGCATCATACAACTAATAAACGTGGTGAATCCAATTGTCGAGATTTATTTTTTATAAAATTATCCTAAGTAAACAGAAGGATATGTAGCATTTTTTAACAACTCAACCGTTAGTACAGTCAGGAAATAGTTTAGCCTTTTTTAAGCTAAGTAAAGGGCTTTTTCTGCGACTTACGTTAAGAATTTGTAAATTCGCACCGCGTAATAAGTTGACAGTGATCACCCGGTTCGCGGTTATTTGATCAAGAAGAGTGGCAAT,no-peak
